"date","link_num","words_in_link","is_image","bolded","font_size","font_color","address","dup","image_assoc"
"01/02/19",3,"activategood.org",FALSE,TRUE,24,"(0, 136, 168)","https://activategood.org/opportunity",FALSE,FALSE
"01/02/19",4,"Grant Writer and Researcher",FALSE,TRUE,15,"(0,109,131)","https://activategood.org/opportunity/4291#tab-what",FALSE,FALSE
"01/02/19",5,"Basketball and Tennis Instructors",FALSE,TRUE,15,"(0,109,131)","https://activategood.org/opportunity/4249",FALSE,FALSE
"01/02/19",6,"Use your Legal Knowledge for Good",FALSE,TRUE,15,"(0,109,131)","https://activategood.org/opportunity/4054#tab-what",FALSE,FALSE
"01/02/19",7,"Miracle League of the Triangle",FALSE,TRUE,15,"(0,109,131)","https://activategood.org/opportunity/4313#tab-what",FALSE,FALSE
"01/02/19",8,"NC Therapeutic Riding Center",FALSE,TRUE,15,"(0,109,131)","https://activategood.org/opportunity/4315#tab-what",FALSE,FALSE
"01/02/19",9,"Free Food Fridays at Salvation Army",FALSE,TRUE,15,"(0,109,131)","https://activategood.org/opportunity/3963#tab-what",FALSE,FALSE
"01/02/19",10,"First Friday Fun at ArtSpace",FALSE,TRUE,15,"(0,109,131)","https://activategood.org/opportunity/3985#tab-what",FALSE,FALSE
"01/02/19",11,"Distribute firewood with Warmth for Wake",FALSE,TRUE,15,"(0,109,131)","https://activategood.org/opportunity/432#tab-what",FALSE,FALSE
"01/02/19",12,"Deliver Grocery Bags to Seniors in Durham",FALSE,TRUE,15,"(0,109,131)","https://activategood.org/opportunity/4304#tab-what",FALSE,FALSE
"01/02/19",13,"Activate Good",FALSE,FALSE,21,"(89, 89, 89)","https://activategood.org/",TRUE,TRUE
"01/02/19",14,"Support our work and help our impact grow",FALSE,FALSE,20,"(255,255,255)","https://activategood.org/donate",FALSE,FALSE
"02/01/19",5,"Teens Change the World! Summer Program",FALSE,TRUE,18,"(255, 255, 255)","https://activategood.org/teenschangetheworld2019/",TRUE,TRUE
"02/01/19",7,"Donate here",FALSE,TRUE,18,"(255, 255, 255)","https://activategood.org/teenschangetheworld2019/support/",FALSE,FALSE
"02/01/19",8,"Cabinet Sales with Habitat Restore",FALSE,TRUE,15,"(0,109,131)","https://activategood.org/opportunity/4375#tab-what",FALSE,FALSE
"02/01/19",9,"After School Art Teacher",FALSE,TRUE,15,"(0,109,131)","https://activategood.org/opportunity/4357#tab-details",FALSE,FALSE
"02/01/19",10,"Ultimate Frisbee Coach",FALSE,TRUE,15,"(0,109,131)","https://activategood.org/opportunity/4330#tab-what",FALSE,FALSE
"02/01/19",11,"Help Durham Teachers get free School Supplies!",FALSE,TRUE,15,"(0,109,131)","https://activategood.org/opportunity/4374#tab-details",FALSE,FALSE
"02/01/19",12,"Backpack Buddies Packers",FALSE,TRUE,15,"(0,109,131)","https://activategood.org/opportunity/4365#tab-what",FALSE,FALSE
"02/01/19",13,"Communities in Schools Tutor",FALSE,TRUE,15,"(0,109,131)","https://activategood.org/opportunity/4340#tab-details",FALSE,FALSE
"02/01/19",14,"Childcare at Families Moving Forward",FALSE,TRUE,15,"(0,109,131)","https://activategood.org/opportunity/4380#tab-what",FALSE,FALSE
"02/01/19",15,"NC Art Museum Park Workday",FALSE,TRUE,15,"(0,109,131)","https://activategood.org/opportunity/4372#tab-shifts",FALSE,FALSE
"02/01/19",16,"Workday at the Durham Hub Farm",FALSE,TRUE,15,"(0,109,131)","https://activategood.org/opportunity/4343#tab-what",FALSE,FALSE
"02/01/19",17,"Activate Good",FALSE,FALSE,21,"(89, 89, 89)","https://activategood.org/",TRUE,TRUE
"02/01/19",18,"Support our work and help our impact grow",FALSE,FALSE,20,"(255,255,255)","https://activategood.org/donate",FALSE,FALSE
"03/04/19",3,"National Volunteer Week",FALSE,TRUE,18,"(255, 255, 255)","https://activategood.org/nvw2019",TRUE,TRUE
"03/04/19",8,"Teens Change the World! Summer Program",FALSE,TRUE,18,"(255, 255, 255)","https://activategood.org/teenschangetheworld2019/",TRUE,TRUE
"03/04/19",10,"Donate here",FALSE,TRUE,18,"(255, 255, 255)","https://activategood.org/teenschangetheworld2019/support/",FALSE,FALSE
"03/04/19",11,"Medical Interpreter",FALSE,TRUE,15,"(0,109,131)","https://activategood.org/opportunity/2327#tab-what",FALSE,FALSE
"03/04/19",12,"Pro-Bono Attorne",FALSE,TRUE,15,"(0,109,131)","https://activategood.org/opportunity/4054#tab-what",FALSE,FALSE
"03/04/19",13,"Robotics Demo and Clinic",FALSE,TRUE,15,"(0,109,131)","https://activategood.org/opportunity/2656#tab-what",FALSE,FALSE
"03/04/19",14,"Silent Auction Assistance",FALSE,TRUE,15,"(0,109,131)","https://activategood.org/opportunity/4218#tab-what",FALSE,FALSE
"03/04/19",15,"Backpack Buddies Packers",FALSE,TRUE,15,"(0,109,131)","https://activategood.org/opportunity/4365#tab-what",FALSE,FALSE
"03/04/19",16,"Community Service at the Farm",FALSE,TRUE,15,"(0,109,131)","https://activategood.org/opportunity/3329#tab-what",FALSE,FALSE
"03/04/19",17,"Tree Giveaway at NC Museum of Natural Sciences",FALSE,TRUE,15,"(0,109,131)","https://activategood.org/opportunity/2447#tab-details",FALSE,FALSE
"03/04/19",18,"Raleigh St. Patrick's Day Parade",FALSE,TRUE,15,"(0,109,131)","https://activategood.org/opportunity/4408#tab-what",FALSE,FALSE
"03/04/19",19,"Trail Days at Ledge Creek",FALSE,TRUE,15,"(0,109,131)","https://activategood.org/opportunity/4405#tab-what",FALSE,FALSE
"03/04/19",20,"Activate Good",FALSE,FALSE,21,"(89, 89, 89)","https://activategood.org/",TRUE,TRUE
"03/04/19",21,"Support our work and help our impact grow",FALSE,FALSE,20,"(255,255,255)","https://activategood.org/donate",FALSE,FALSE
"04/03/19",3,"National Volunteer Week",FALSE,TRUE,18,"(255, 255, 255)","https://activategood.org/nvw2019",TRUE,TRUE
"04/03/19",8,"Teens Change the World! Summer Program",FALSE,TRUE,18,"(255, 255, 255)","https://activategood.org/teenschangetheworld2019/",TRUE,TRUE
"04/03/19",10,"Donate here",FALSE,TRUE,18,"(255, 255, 255)","https://activategood.org/teenschangetheworld2019/support/",FALSE,FALSE
"04/03/19",11,"Art Education Teaching Assistant",FALSE,TRUE,15,"(0,109,131)","https://activategood.org/opportunity/614#tab-what",FALSE,FALSE
"04/03/19",12,"Fundraising and Events Coordination",FALSE,TRUE,15,"(0,109,131)","https://activategood.org/opportunity/4447#tab-what",FALSE,FALSE
"04/03/19",13,"Join the Freedom United Board",FALSE,TRUE,15,"(0,109,131)","https://activategood.org/opportunity/4273#tab-what",FALSE,FALSE
"04/03/19",14,"Kitten Schmoozing at The Goathouse Refuge",FALSE,TRUE,15,"(0,109,131)","https://activategood.org/opportunity/4505#tab-what",FALSE,FALSE
"04/03/19",15,"Front Desk Greeter",FALSE,TRUE,15,"(0,109,131)","https://activategood.org/opportunity/2544#tab-what",FALSE,FALSE
"04/03/19",16,"Garden Days at Alliance Medical Ministry",FALSE,TRUE,15,"(0,109,131)","https://activategood.org/nonprofit/262",FALSE,FALSE
"04/03/19",17,"Beautify a Durham School",FALSE,TRUE,15,"(0,109,131)","https://activategood.org/opportunity/4445#tab-what",FALSE,FALSE
"04/03/19",18,"Volunteer at the Triangle Walk to End ALS",FALSE,TRUE,15,"(0,109,131)","https://activategood.org/opportunity/3106#tab-what",FALSE,FALSE
"04/03/19",19,"Sound the Alarm!",FALSE,TRUE,15,"(0,109,131)","https://activategood.org/opportunity/4508",FALSE,FALSE
"04/03/19",20,"Full Post Here",FALSE,FALSE,16,"(255,255,255)","https://activategood.org/spreading-good-junior-youth-group-of-tryon-pines/",FALSE,FALSE
"04/03/19",21,"Full Post Here",FALSE,FALSE,16,"(255,255,255)","https://activategood.org/improve-your-health-by-volunteering/",FALSE,FALSE
"04/03/19",22,"Activate Good",FALSE,FALSE,21,"(89, 89, 89)","https://activategood.org/",TRUE,TRUE
"04/03/19",23,"Support our work and help our impact grow",FALSE,FALSE,20,"(255,255,255)","https://activategood.org/donate",FALSE,FALSE
"05/01/19",5,"Teens Change the World! Summer Program",FALSE,TRUE,18,"(255, 255, 255)","https://activategood.org/teenschangetheworld2019/",TRUE,TRUE
"05/01/19",7,"Donate here",FALSE,TRUE,18,"(255, 255, 255)","https://activategood.org/teenschangetheworld2019/support/",FALSE,FALSE
"05/01/19",9,"Learn More and Participate Here",FALSE,FALSE,20,"(255,255,255)","https://activategood.org/cookbook/",TRUE,TRUE
"05/01/19",10,"Event Photography",FALSE,TRUE,15,"(0,109,131)","https://activategood.org/opportunity/4529#tab-what",FALSE,FALSE
"05/01/19",11,"Fundraising and Events Coordination",FALSE,TRUE,15,"(0,109,131)","https://activategood.org/opportunity/4447#tab-what",FALSE,FALSE
"05/01/19",12,"Registered Dietition or Nutritionist",FALSE,TRUE,15,"(0,109,131)","https://activategood.org/opportunity/4530#tab-shifts",FALSE,FALSE
"05/01/19",13,"Therapeutic Horsebackriding",FALSE,TRUE,15,"(0,109,131)","https://activategood.org/opportunity/4331#tab-shifts",FALSE,FALSE
"05/01/19",14,"Garden Days at Alliance Medical Ministry",FALSE,TRUE,15,"(0,109,131)","https://activategood.org/nonprofit/262",FALSE,FALSE
"05/01/19",15,"Building Community",FALSE,TRUE,15,"(0,109,131)","https://activategood.org/opportunity/4532#tab-what",FALSE,FALSE
"05/01/19",16,"Artsplosure 2019",FALSE,TRUE,15,"(0,109,131)","https://activategood.org/opportunity/4533#tab-what",FALSE,FALSE
"05/01/19",17,"May the Fourth Be With You",FALSE,TRUE,15,"(0,109,131)","https://activategood.org/opportunity/4539#tab-what",FALSE,FALSE
"05/01/19",18,"Groceries for Seniors",FALSE,TRUE,15,"(0,109,131)","https://activategood.org/opportunity/4544#tab-what",FALSE,FALSE
"05/01/19",19,"Full Post Here",FALSE,FALSE,16,"(255,255,255)","https://activategood.org/and-the-rest-was-history-a-volunteer-story/",FALSE,FALSE
"05/01/19",20,"Full Post Here",FALSE,FALSE,16,"(255,255,255)","https://activategood.org/passion-for-education-volunteer-story/",FALSE,FALSE
"05/01/19",21,"Activate Good",FALSE,FALSE,21,"(89, 89, 89)","https://activategood.org/",TRUE,TRUE
"05/01/19",22,"Support our work and help our impact grow",FALSE,FALSE,20,"(255,255,255)","https://activategood.org/donate",FALSE,FALSE
"06/04/19",2,"schedule",FALSE,FALSE,24,"(255, 255, 255)","https://activategood.org/wp-content/uploads/2019/05/TeensChangeTheWorld-Week12019.pdf",FALSE,FALSE
"06/04/19",3,"schedule",FALSE,FALSE,24,"(255, 255, 255)","https://activategood.org/wp-content/uploads/2019/05/TeensChangeTheWorld-Week22019.pdf",FALSE,FALSE
"06/04/19",7,"Teens Change the World! Summer Program",FALSE,TRUE,18,"(255, 255, 255)","https://activategood.org/teenschangetheworld2019/",TRUE,TRUE
"06/04/19",13,"Group Interest Form",FALSE,TRUE,18,"(255, 255, 255)","https://activategood.org/911day2019-grouppreregistration/",TRUE,TRUE
"06/04/19",16,"Learn More and Participate Here",FALSE,FALSE,20,"(255,255,255)","https://activategood.org/cookbook/",TRUE,TRUE
"06/04/19",17,"HOBY Seminar",FALSE,TRUE,15,"(0,109,131)","https://activategood.org/opportunity/4571#tab-what",FALSE,FALSE
"06/04/19",18,"Warehouse Assistance",FALSE,TRUE,15,"(0,109,131)","https://activategood.org/opportunity/4511#tab-what",FALSE,FALSE
"06/04/19",19,"Recycle Coordinator",FALSE,TRUE,15,"(0,109,131)","https://activategood.org/opportunity/4437#tab-what",FALSE,FALSE
"06/04/19",20,"Puppy Time",FALSE,TRUE,15,"(0,109,131)","https://activategood.org/opportunity/4563#tab-what",FALSE,FALSE
"06/04/19",21,"Garden Days at Alliance Medical Ministry",FALSE,TRUE,15,"(0,109,131)","https://activategood.org/nonprofit/262",FALSE,FALSE
"06/04/19",22,"New Mini Farm!",FALSE,TRUE,15,"(0,109,131)","https://activategood.org/opportunity/3329#tab-what",FALSE,FALSE
"06/04/19",23,"YMCA 175th Anniversary",FALSE,TRUE,15,"(0,109,131)","https://activategood.org/opportunity/4578#tab-what",FALSE,FALSE
"06/04/19",24,"Live & Local Spring Fest",FALSE,TRUE,15,"(0,109,131)","https://activategood.org/opportunity/4572#tab-what",FALSE,FALSE
"06/04/19",25,"Support STEM Education",FALSE,TRUE,15,"(0,109,131)","https://activategood.org/opportunity/4574#tab-what",FALSE,FALSE
"06/04/19",26,"Activate Good",FALSE,FALSE,21,"(89, 89, 89)","https://activategood.org/",TRUE,TRUE
"06/04/19",27,"Support our work and help our impact grow",FALSE,FALSE,20,"(255,255,255)","https://activategood.org/donate",FALSE,FALSE
"07/08/19",2,"HERE",FALSE,TRUE,21,"(255, 255, 255)","https://activategood.org/teenschangetheworld2019/",TRUE,TRUE
"07/08/19",3,"schedule",FALSE,FALSE,24,"(255, 255, 255)","https://activategood.org/wp-content/uploads/2019/05/TeensChangeTheWorld-Week22019.pdf",FALSE,FALSE
"07/08/19",13,"Group Interest Form",FALSE,TRUE,18,"(255, 255, 255)","https://activategood.org/911day2019-grouppreregistration/",TRUE,TRUE
"07/08/19",15,"Recycle Coordinator",FALSE,TRUE,15,"(0,109,131)","https://activategood.org/opportunity/4437#tab-what",FALSE,FALSE
"07/08/19",16,"Farm Days",FALSE,TRUE,15,"(0,109,131)","https://activategood.org/opportunity/3329#tab-what",FALSE,FALSE
"07/08/19",17,"Art Teaching Assistant",FALSE,TRUE,15,"(0,109,131)","https://activategood.org/opportunity/614#tab-what",FALSE,FALSE
"07/08/19",18,"Puppy Time",FALSE,TRUE,15,"(0,109,131)","https://activategood.org/opportunity/4563#tab-what",FALSE,FALSE
"07/08/19",19,"Shelter Sorting",FALSE,TRUE,15,"(0,109,131)","https://activategood.org/opportunity/4631#tab-shifts",FALSE,FALSE
"07/08/19",20,"Garden Days at Alliance Medical Ministry",FALSE,TRUE,15,"(0,109,131)","https://activategood.org/opportunity/4492",FALSE,FALSE
"07/08/19",21,"Women's Theatre Festival",FALSE,TRUE,15,"(0,109,131)","https://activategood.org/opportunity/4568#tab-what",FALSE,FALSE
"07/08/19",22,"Crosby Community Day",FALSE,TRUE,15,"(0,109,131)","https://activategood.org/opportunity/4605#tab-what",FALSE,FALSE
"07/08/19",23,"iCan Bike Camp",FALSE,TRUE,15,"(0,109,131)","https://activategood.org/opportunity/4663#tab-what",FALSE,FALSE
"07/08/19",24,"Activate Good",FALSE,FALSE,21,"(89, 89, 89)","https://activategood.org/",TRUE,TRUE
"07/08/19",25,"Support our work and help our impact grow",FALSE,FALSE,20,"(255,255,255)","https://activategood.org/donate",FALSE,FALSE
"08/05/19",3,"Choose and sign up",FALSE,TRUE,18,"(57, 57, 57)","https://activategood.org/911day2019",TRUE,TRUE
"08/05/19",4,"evening",FALSE,TRUE,18,"(57, 57, 57)","https://911eveningcommemoration2019.eventbrite.com/",FALSE,FALSE
"08/05/19",6,"Pre-order",FALSE,TRUE,18,"(127,127,127)","https://activategood.org/product/9-11-day-of-service-2019-t-shirt/",TRUE,FALSE
"08/05/19",9,"Host Family",FALSE,TRUE,15,"(0,109,131)","https://activategood.org/opportunity/4502#tab-what",FALSE,FALSE
"08/05/19",10,"Teaching Assistant",FALSE,TRUE,15,"(0, 109, 131)","https://activategood.org/opportunity/614#tab-what",FALSE,FALSE
"08/05/19",11,"Childcare Volunteer",FALSE,TRUE,15,"(0,109,131)","https://activategood.org/opportunity/4756#tab-what",FALSE,FALSE
"08/05/19",12,"Women's Center of Wake County",FALSE,TRUE,15,"(0,109,131)","https://activategood.org/opportunity/4631#tab-what",FALSE,FALSE
"08/05/19",13,"Monthly Adoption Event",FALSE,TRUE,15,"(0, 109, 131)","https://activategood.org/opportunity/4563#tab-what",FALSE,FALSE
"08/05/19",14,"Gardening at Wildwoods",FALSE,TRUE,15,"(0,109,131)","https://activategood.org/opportunity/3884#tab-what",FALSE,FALSE
"08/05/19",15,"Family Fun Night",FALSE,TRUE,15,"(0,109,131)","https://activategood.org/opportunity/4741#tab-what",FALSE,FALSE
"08/05/19",16,"August Orientation",FALSE,TRUE,15,"(0,109,131)","https://activategood.org/opportunity/4603#tab-what",FALSE,FALSE
"08/05/19",17,"Survey Interceptor",FALSE,TRUE,15,"(0,109,131)","https://activategood.org/opportunity/4748",FALSE,FALSE
"08/05/19",18,"View all current opportunities to make an impact",FALSE,FALSE,20,"(255,255,255)","https://activategood.org/opportunity",FALSE,FALSE
"08/05/19",19,"Activate Good",FALSE,FALSE,21,"(89, 89, 89)","https://activategood.org/",TRUE,TRUE
"08/05/19",20,"Support our work and help our impact grow",FALSE,FALSE,20,"(255,255,255)","https://activategood.org/donate",FALSE,FALSE
"09/09/19",2,"Sign up",FALSE,TRUE,32,"(127,127,127)","https://activategood.org/911day2019",TRUE,FALSE
"09/09/19",4,"Join us at the 9/11 Evening Commemoration + Service Projects!",FALSE,TRUE,40,"(57, 57, 57)","https://www.eventbrite.com/e/911-day-of-service-2019-evening-commemoration-service-projects-tickets-62352283358?fbclid=IwAR0wRO5ByqQzTC-56Bpc1bvUozPVmayUvkPOwlcf3PNUKzon8HdV7nt3pL8",FALSE,FALSE
"09/09/19",6,"Join us",FALSE,TRUE,24,"(127,127,127)","http://911eveningcommemoration2019.eventbrite.com",FALSE,FALSE
"09/09/19",7,"9/11 Day of Service Commemoration",FALSE,TRUE,26,"(0, 109, 131)","https://911eveningcommemoration2019.eventbrite.com",FALSE,FALSE
"09/09/19",8,"facebook",FALSE,TRUE,18,"(0, 109, 131)","https://www.facebook.com/activategood/",TRUE,TRUE
"09/09/19",9,"instagram",FALSE,TRUE,18,"(0, 109, 131)","https://www.instagram.com/activategood/",TRUE,TRUE
"09/09/19",10,"twitter",FALSE,TRUE,18,"(0, 109, 131)","https://twitter.com/activategood",TRUE,TRUE
"09/09/19",11,"Activate Good",FALSE,FALSE,21,"(89, 89, 89)","https://activategood.org/",TRUE,TRUE
"10/08/19",2,"Events page",FALSE,FALSE,18,"(55, 55, 55)","https://activategood.org/events",TRUE,TRUE
"10/08/19",5,"Boys and Girls Club Sports Assistant",FALSE,TRUE,15,"(0,109,131)","https://activategood.org/opportunity/4869#tab-what",FALSE,FALSE
"10/08/19",6,"Event Photographer",FALSE,TRUE,15,"(0,109,131)","https://activategood.org/opportunity/4849#tab-what",FALSE,FALSE
"10/08/19",7,"Budgeting Advisor",FALSE,TRUE,15,"(0,109,131)","https://activategood.org/opportunity/4821#tab-what",FALSE,FALSE
"10/08/19",8,"Red Cross Blood Delivery",FALSE,TRUE,15,"(0,109,131)","https://activategood.org/opportunity/4867#tab-what",FALSE,FALSE
"10/08/19",9,"Dog House Volunteers",FALSE,TRUE,15,"(0,109,131)","https://activategood.org/opportunity/4836#tab-what",FALSE,FALSE
"10/08/19",10,"Walnut Creek Elementary Wildcat Helpers",FALSE,TRUE,15,"(0,109,131)","https://activategood.org/opportunity/4753#tab-what",FALSE,FALSE
"10/08/19",11,"Campus Beautification Day",FALSE,TRUE,15,"(0, 109, 131)","https://activategood.org/opportunity/4862#tab-what",FALSE,FALSE
"10/08/19",12,"AIDS Walk and 5K Run",FALSE,TRUE,15,"(0,109,131)","https://activategood.org/opportunity/4853#tab-what",FALSE,FALSE
"10/08/19",13,"Holiday Program Prep at the Salvation Army",FALSE,TRUE,15,"(0,109,131)","https://activategood.org/opportunity/4858#tab-what",FALSE,FALSE
"10/08/19",14,"View all current opportunities to make an impact",FALSE,FALSE,20,"(255,255,255)","https://activategood.org/opportunity",FALSE,FALSE
"10/08/19",15,"Activate Good",FALSE,FALSE,21,"(89, 89, 89)","https://activategood.org/",TRUE,TRUE
"10/08/19",16,"Support our work and help our impact grow",FALSE,FALSE,20,"(255,255,255)","https://activategood.org/donate",FALSE,FALSE
"11/01/19",2,"SIGN UPS NOW OPEN",FALSE,FALSE,32,"(55, 55, 55)","https://activategood.org/fvd2019",TRUE,TRUE
"11/01/19",7,"Volunteer Director of Fundraising",FALSE,TRUE,15,"(0,109,131)","https://activategood.org/opportunity/4890#tab-what",FALSE,FALSE
"11/01/19",8,"Business Development Volunteer",FALSE,TRUE,15,"(0,109,131)","https://activategood.org/opportunity/4805#tab-what",FALSE,FALSE
"11/01/19",9,"Join the SOAR Outreach Board!",FALSE,TRUE,15,"(0,109,131)","https://activategood.org/opportunity/4845#tab-what",FALSE,FALSE
"11/01/19",10,"Warmth for Wake",FALSE,TRUE,15,"(0, 109, 131)","https://activategood.org/opportunity/432#tab-what",FALSE,FALSE
"11/01/19",11,"Theater Seat Restoration",FALSE,TRUE,15,"(0,109,131)","https://activategood.org/opportunity/4905#tab-what",FALSE,FALSE
"11/01/19",12,"Arts & Crafts",FALSE,TRUE,15,"(0,109,131)","https://activategood.org/opportunity/4870#tab-what",FALSE,FALSE
"11/01/19",13,"Lunch Delivery",FALSE,TRUE,15,"(0,109,131)","https://activategood.org/opportunity/718#tab-what",FALSE,FALSE
"11/01/19",14,"PUPPIES",FALSE,TRUE,15,"(0,109,131)","https://activategood.org/opportunity/4894#tab-what",FALSE,FALSE
"11/01/19",15,"Donation Sorting",FALSE,TRUE,15,"(0,109,131)","https://activategood.org/opportunity/4896#tab-what",FALSE,FALSE
"11/01/19",16,"View all current opportunities to make an impact",FALSE,FALSE,20,"(255,255,255)","https://activategood.org/opportunity",FALSE,FALSE
"11/01/19",17,"Activate Good",FALSE,FALSE,21,"(89, 89, 89)","https://activategood.org/",TRUE,TRUE
"11/01/19",18,"Support our work and help our impact grow",FALSE,FALSE,20,"(255,255,255)","https://activategood.org/donate",FALSE,FALSE
"12/03/19",2,"#GivingTuesday",FALSE,FALSE,15,"(127,127,127)","https://secure.lglforms.com/form_engine/s/Rkoj-1l4WVRIiWjqKEHuxA",TRUE,TRUE
"12/03/19",4,"Activate Good",FALSE,TRUE,16,"(0, 109, 131)","https://activategood.org/",TRUE,TRUE
"12/03/19",9,"Days of Service",FALSE,TRUE,15,"(0, 109, 131)","https://activategood.org/daysofservice/",FALSE,FALSE
"12/03/19",10,"over 500 causes",FALSE,TRUE,15,"(0, 109, 131)","https://activategood.org/nonprofit",FALSE,FALSE
"12/03/19",11,"Teens Change the World! Summer Program,",FALSE,TRUE,15,"(0, 109, 131)","https://activategood.org/teenschangetheworld/",FALSE,FALSE
"12/03/19",12,"The Good Hub",FALSE,TRUE,15,"(0, 109, 131)","https://activategood.org/thegoodhub/",FALSE,FALSE
"12/03/19",13,"Donate any amount - Every dollar helps!",FALSE,FALSE,20,"(255,255,255)","http://www.activategood.org/singlegift",FALSE,FALSE
"12/03/19",15,"our list",FALSE,TRUE,16,"(127,127,127)","https://activategood.org/holidays2019",TRUE,TRUE
"12/03/19",17,"Join the Board!",FALSE,TRUE,15,"(0,109,131)","https://activategood.org/opportunity/4845#tab-what",FALSE,FALSE
"12/03/19",18,"Social Media Volunteer",FALSE,TRUE,15,"(0, 109, 131)","https://activategood.org/opportunity/4817#tab-what",FALSE,FALSE
"12/03/19",19,"Festival Merchandiser",FALSE,TRUE,15,"(0,109,131)","https://activategood.org/opportunity/4932#tab-details",FALSE,FALSE
"12/03/19",20,"Donation Pickup",FALSE,TRUE,15,"(0,109,131)","https://activategood.org/opportunity/4915",FALSE,FALSE
"12/03/19",21,"Volunteer Admin Assistant",FALSE,TRUE,15,"(0, 109, 131)","https://activategood.org/opportunity/4945#tab-what",FALSE,FALSE
"12/03/19",22,"Warmth for Wake",FALSE,TRUE,15,"(0, 109, 131)","https://activategood.org/opportunity/432#tab-what",FALSE,FALSE
"12/03/19",23,"Donation Sorting",FALSE,TRUE,15,"(0,109,131)","https://activategood.org/opportunity/4917#tab-what",FALSE,FALSE
"12/03/19",24,"Garden Work Day",FALSE,TRUE,15,"(0,109,131)","https://activategood.org/opportunity/4946#tab-what",FALSE,FALSE
"12/03/19",25,"Youth Tournament",FALSE,TRUE,15,"(0,109,131)","https://activategood.org/opportunity/4944#tab-what",FALSE,FALSE
"12/03/19",26,"View all current opportunities to make an impact",FALSE,FALSE,20,"(255,255,255)","https://activategood.org/opportunity",FALSE,FALSE
"12/03/19",28,"Support our work and help our impact grow",FALSE,FALSE,20,"(255,255,255)","https://activategood.org/donate",FALSE,FALSE
"01/03/20",3,"Martin Luther King Jr.",FALSE,TRUE,18,"(85, 142, 190)","https://activategood.org/mlkday2020",TRUE,TRUE
"01/03/20",5,"here",FALSE,TRUE,15,"(85, 142, 190)","https://activategood.org/MLKday2020",FALSE,FALSE
"01/03/20",7,"Kindness Cards",FALSE,TRUE,16,"(85, 142, 190)","https://activategood.org/kindness-cards/",TRUE,TRUE
"01/03/20",8,"Support our work",FALSE,FALSE,15,"(127,127,127)","https://secure.lglforms.com/form_engine/s/RaaHgiLa83lgC03MgNOvGQ",TRUE,FALSE
"01/03/20",11,"Festival Merchandiser",FALSE,TRUE,15,"(0,109,131)","https://activategood.org/opportunity/4932#tab-details",FALSE,FALSE
"01/03/20",12,"Housing Advisor",FALSE,TRUE,15,"(0,109,131)","https://activategood.org/opportunity/4823#tab-what",FALSE,FALSE
"01/03/20",13,"Volunteer Bookkeeping",FALSE,TRUE,15,"(0,109,131)","https://activategood.org/opportunity/4980#tab-what",FALSE,FALSE
"01/03/20",14,"Power Hour Volunteers",FALSE,TRUE,15,"(0,109,131)","https://activategood.org/opportunity/4868#tab-what",FALSE,FALSE
"01/03/20",15,"Event Planning Committee",FALSE,TRUE,15,"(0, 109, 131)","https://activategood.org/opportunity/4848#tab-what",FALSE,FALSE
"01/03/20",16,"Special Olympics Intern",FALSE,TRUE,15,"(0,109,131)","https://activategood.org/opportunity/4948#tab-what",FALSE,FALSE
"01/03/20",17,"Trail Building",FALSE,TRUE,15,"(0,109,131)","https://activategood.org/opportunity/4974#tab-what",FALSE,FALSE
"01/03/20",18,"Adoption Event Assistance",FALSE,TRUE,15,"(0, 109, 131)","https://activategood.org/opportunity/4981#tab-what",FALSE,FALSE
"01/03/20",19,"Garden Days",FALSE,TRUE,15,"(0,109,131)","https://activategood.org/opportunity/4839#tab-what",FALSE,FALSE
"01/03/20",20,"View all current opportunities to make an impact",FALSE,FALSE,20,"(255,255,255)","https://activategood.org/opportunity",FALSE,FALSE
"01/03/20",21,"Activate Good",FALSE,FALSE,21,"(89, 89, 89)","https://activategood.org/",TRUE,TRUE
"01/03/20",22,"Support our work and help our impact grow",FALSE,FALSE,20,"(255,255,255)","https://activategood.org/donate",FALSE,FALSE
"01/31/20",2,"Colliers International Raleigh Durham",FALSE,TRUE,15,"(127,127,127)","https://www2.colliers.com/en/United-States/Cities/Raleigh",FALSE,FALSE
"01/31/20",3,"our Good Hub site",FALSE,TRUE,15,"(85, 142, 190)","http://www.thegoodhub.org/",FALSE,FALSE
"01/31/20",4,"Oak City Productions",FALSE,TRUE,15,"(127,127,127)","https://oakcityproductions.com/",FALSE,FALSE
"01/31/20",6,"Sponsor the POP UP",FALSE,FALSE,16,"(255,255,255)","https://activategood.org/thegoodhub/support-popup/",FALSE,FALSE
"01/31/20",7,"POP UP Wish List",FALSE,FALSE,16,"(255,255,255)","https://activategood.org/thegoodhub/pop-up-wish-list/",FALSE,FALSE
"01/31/20",8,"POP UP Volunteer Needs",FALSE,FALSE,16,"(255,255,255)","https://activategood.org/thegoodhub/popup-volunteer/",FALSE,FALSE
"01/31/20",9,"Social Media Help",FALSE,TRUE,15,"(0,109,131)","https://activategood.org/opportunity/5007#tab-what",FALSE,FALSE
"01/31/20",10,"Grantwriting",FALSE,TRUE,15,"(0,109,131)","https://activategood.org/opportunity/4977#tab-what",FALSE,FALSE
"01/31/20",11,"Program Data Evaluation",FALSE,TRUE,15,"(0,109,131)","https://activategood.org/opportunity/4990#tab-what",FALSE,FALSE
"01/31/20",12,"Special Olympics Intern",FALSE,TRUE,15,"(0,109,131)","https://activategood.org/opportunity/4948#tab-what",FALSE,FALSE
"01/31/20",13,"Office Assistant",FALSE,TRUE,15,"(0, 109, 131)","https://activategood.org/opportunity/4992#tab-what",FALSE,FALSE
"01/31/20",14,"School Tour Volunteer",FALSE,TRUE,15,"(0,109,131)","https://activategood.org/opportunity/4995#tab-what",FALSE,FALSE
"01/31/20",15,"Garden Day",FALSE,TRUE,15,"(0,109,131)","https://activategood.org/opportunity/4987#tab-what",FALSE,FALSE
"01/31/20",16,"Dress for Success Sale",FALSE,TRUE,15,"(0,109,131)","https://activategood.org/opportunity/5030#tab-what",FALSE,FALSE
"01/31/20",17,"Black History Festival",FALSE,TRUE,15,"(0, 109, 131)","https://activategood.org/opportunity/5031#tab-what",FALSE,FALSE
"01/31/20",18,"View all current opportunities to make an impact",FALSE,FALSE,20,"(255,255,255)","https://activategood.org/opportunity",FALSE,FALSE
"01/31/20",19,"Activate Good",FALSE,FALSE,21,"(89, 89, 89)","https://activategood.org/",TRUE,TRUE
"01/31/20",20,"Support our work and help our impact grow",FALSE,FALSE,20,"(255,255,255)","https://activategood.org/donate",FALSE,FALSE
"03/12/20",3,"here",FALSE,TRUE,18,"(127,127,127)","https://activategood.org/covid-19-coronavirus-activate-good-response/",TRUE,TRUE
"03/12/20",4,"remote volunteer opportunities",FALSE,TRUE,18,"(127,127,127)","https://activategood.org/remote",TRUE,FALSE
"03/12/20",7,"To continue regular volunteering",FALSE,TRUE,18,"(127,127,127)","https://activategood.org/opportunity",TRUE,FALSE
"03/12/20",12,"Activate Good",FALSE,FALSE,21,"(89, 89, 89)","https://activategood.org/",TRUE,TRUE
"03/12/20",13,"Support our work and help our impact grow",FALSE,FALSE,20,"(255,255,255)","https://activategood.org/donate",FALSE,FALSE
"03/17/20",2,"linked here",FALSE,TRUE,18,"(242, 136, 0)","https://activategood.org/covid19/",TRUE,TRUE
"03/17/20",3,"here",FALSE,TRUE,18,"(242, 136, 0)","https://docs.google.com/forms/d/e/1FAIpQLSf7SmiF1wB5iRgF_nY0t8nsyrBrhq6XLiVUfATtVUFQewznmw/viewform",TRUE,FALSE
"03/17/20",6,"https://activategood.org/remote",FALSE,FALSE,18,"(17, 85, 204)","https://activategood.org/remote",FALSE,FALSE
"03/17/20",8,"Website Updates",FALSE,TRUE,15,"(0,109,131)","https://activategood.org/opportunity/4472",FALSE,FALSE
"03/17/20",9,"Courage Cards",FALSE,TRUE,15,"(0,109,131)","https://activategood.org/opportunity/4146",FALSE,FALSE
"03/17/20",10,"Host a Supply Drive",FALSE,TRUE,15,"(0,109,131)","https://activategood.org/opportunity/5123",FALSE,FALSE
"03/17/20",11,"Virtual Ambassadors",FALSE,TRUE,15,"(0,109,131)","https://activategood.org/opportunity/5124",FALSE,FALSE
"03/17/20",12,"Deliver clothes for Note in the Pocket",FALSE,TRUE,15,"(0, 109, 131)","https://activategood.org/opportunity/5127",FALSE,FALSE
"03/17/20",13,"Grant Research",FALSE,TRUE,15,"(0,109,131)","https://activategood.org/opportunity/5103",FALSE,FALSE
"03/17/20",14,"Activate Good",FALSE,FALSE,21,"(89, 89, 89)","https://activategood.org/",TRUE,TRUE
"03/17/20",15,"Support our long-term sustainability with a donation",FALSE,FALSE,20,"(255,255,255)","https://activategood.org/donate",FALSE,FALSE
"04/01/20",3,"Watch our Volunteer Thank You video",FALSE,FALSE,20,"(255,255,255)","https://youtu.be/_Llxn-psvfI",TRUE,TRUE
"04/01/20",4,"Center for Volunteer Caregiving",FALSE,TRUE,16,"(0,109,131)","https://volunteercaregiving.org/volunteer-2/#volunteer-signup",FALSE,FALSE
"04/01/20",5,"Food Distribution for WCPSS",FALSE,TRUE,16,"(0,109,131)","https://www.wcpss.net/domain/16591",FALSE,FALSE
"04/01/20",6,"Inter-Faith Food Shuttle",FALSE,FALSE,16,"(0,109,131)","https://www.foodshuttle.org/",FALSE,FALSE
"04/01/20",7,"The Food Bank of Central and Eastern NC",FALSE,FALSE,16,"(0,109,131)","https://foodbankcenc.org/",FALSE,FALSE
"04/01/20",8,"Meals on Wheels",FALSE,TRUE,16,"(0,109,131)","https://www.wakemow.org/volunteer-application-mow-wake-county?fbclid=IwAR2EmNwC9TyoaZADjq2K7fDjqh7dGJuSxqjtV50nyRWeoqSvTql1glLQfUg",FALSE,FALSE
"04/01/20",9,"Draw or Paint Pet Portraits",FALSE,TRUE,16,"(0,109,131)","https://activategood.org/remote-volunteer-project-pet-portraits/",FALSE,FALSE
"04/01/20",10,"Spanish Speakers: Help keep families informed",FALSE,TRUE,16,"(0,109,131)","https://www.curamericas.org/volunteer-information/?__cf_chl_jschl_tk__=d8e97dfc653ae4b8de15128f83e701f6c84142a3-1585747410-0-AYq1u7njLVlrLdw5WSf0MyDjgMsj4IF8eJ6hXTMJVKVNNX3H8cYImkfUh8A09rDM4-JjjJ0rOxhDXXOptLIVK7J4_IuldLIVn3zMSnaCMowPODcnVzTb1bEzPpMGVfTDMDjWHHwOTSEWi9TYfdiMQrCOcZMWBpNfULlEE36zi-tTl-rOFQW2QGaK-cRxFKf5DtEUIku59owbdi3LoZJT1Wp0GnXaJUgvcRKvw64qxsKk8MiqM8zO5vMjWDelEx4qKAmz74sPGw0_xzEe_ZcIYjJzf6-8Fl5pzpJAYmMusND4rWzgZTBfi20L2xBE7YfLqA",FALSE,FALSE
"04/01/20",11,"Find Funding for Nonprofits",FALSE,TRUE,16,"(0,109,131)","https://activategood.org/remote-volunteer-funding-for-causes/",FALSE,FALSE
"04/01/20",13,"Good Hub",FALSE,FALSE,18,"(57, 57, 57)","http://activategood.org/thegoodhub",FALSE,FALSE
"04/01/20",14,"Raleigh Magazine's feature",FALSE,FALSE,18,"(57, 57, 57)","https://raleighmag.com/2020/03/good-hub/",TRUE,TRUE
"04/01/20",15,"30 in their 30's",FALSE,FALSE,18,"(57, 57, 57)","https://raleighmag.com/2020/03/raleigh-magazines-thirty-in-their-30s/",FALSE,FALSE
"04/01/20",16,"Donate and Support Our Work",FALSE,FALSE,20,"(255,255,255)","https://activategood.org/donate",FALSE,FALSE
"04/11/20",3,"OPERATION ACCESS",FALSE,TRUE,24,"(255, 255, 255)","https://activategood.org/operationaccess/",TRUE,TRUE
"04/11/20",5,"Write & Mail Letters to Isolated Seniors",FALSE,TRUE,16,"(0,109,131)","https://activategood.org/wp-content/uploads/2020/04/Op-Sr-Smiles-flyer-Apr2020.pdf",FALSE,FALSE
"04/11/20",6,"Raise Baby Chicks from Home",FALSE,TRUE,16,"(0,109,131)","https://activategood.org/opportunity/5135",FALSE,FALSE
"04/11/20",7,"DIY Pie Tin",FALSE,TRUE,16,"(0,109,131)","https://activategood.org/wp-content/uploads/2020/04/RemoteVolunteerProject-UpcycledButterflyFeeders.pdf",TRUE,FALSE
"04/11/20",9,"Urgent and Remote Volunteer needs",FALSE,TRUE,18,"(57, 57, 57)","https://activategood.org/covid19/",FALSE,FALSE
"04/11/20",14,"blog",FALSE,FALSE,18,"(57, 57, 57)","https://activategood.org/blog",FALSE,FALSE
"04/11/20",15,"remote volunteering",FALSE,FALSE,18,"(57, 57, 57)","https://activategood.org/remote-volunteer-opportunities",TRUE,TRUE
"04/11/20",17,"Donate and Support Our Work",FALSE,FALSE,20,"(255,255,255)","https://activategood.org/donate",FALSE,FALSE
"04/22/20",2,"Watch our Volunteer Thank You video",FALSE,FALSE,20,"(255,255,255)","https://youtu.be/_Llxn-psvfI",FALSE,FALSE
"04/22/20",3,"Share Your Skills",FALSE,TRUE,15,"(0,109,131)","https://activategood.org/opportunity/5146",FALSE,FALSE
"04/22/20",4,"Curamericas",FALSE,FALSE,16,"(57, 57, 57)","https://www.curamericas.org/ourwork/",FALSE,FALSE
"04/22/20",5,"Create work for Art in the Garden",FALSE,TRUE,16,"(0,109,131)","https://activategood.org/opportunity/5141",FALSE,FALSE
"04/22/20",6,"Wildwoods Community Farm",FALSE,FALSE,16,"(57, 57, 57)","http://wildwoodsfarmnc.com/",FALSE,FALSE
"04/22/20",7,"Send Thank You Cards to Healthcare Workers",FALSE,TRUE,16,"(0,109,131)","https://www.unchealthcare.org/coronavirus/ways-to-help/",FALSE,FALSE
"04/22/20",9,"Donate and Support Our Work",FALSE,FALSE,20,"(255,255,255)","https://activategood.org/donate",FALSE,FALSE
"04/28/20",2,"Operation Hand Up",FALSE,TRUE,24,"(242, 136, 0)","https://activategood.org/operationhandup/",TRUE,TRUE
"04/28/20",3,"Oak City Cares",FALSE,FALSE,18,"(127,127,127)","https://oakcitycares.org/",FALSE,FALSE
"04/28/20",8,"Homebody: A Chris Hendricks #GivingTuesdayNow Charity Concert",FALSE,TRUE,18,"(29, 33, 41)","https://www.facebook.com/events/2644248899232364/",TRUE,TRUE
"04/28/20",9,"Chris Hendricks",FALSE,TRUE,18,"(127,127,127)","http://www.iamchrishendricks.com/",FALSE,FALSE
"04/28/20",11,"Activate Good",FALSE,TRUE,18,"(56, 88, 152)","https://www.facebook.com/activategood/?eid=ARB4Q91jhFgegZJzKKRv8iaGGAJ26nTpKK8Yf1VHCIYABrkKOEJOyS7c9b884AJVFGedVYv3x6Y3JECy",FALSE,FALSE
"04/28/20",12,"2017 VOLUNTEER MUSIC VIDEO",FALSE,TRUE,18,"(29, 33, 41)","https://www.youtube.com/watch?v=0fDkaYSVkF4",FALSE,FALSE
"04/28/20",14,"Larry's Coffee",FALSE,FALSE,18,"(56, 88, 152)","http://www.larryscoffee.com/",FALSE,FALSE
"04/28/20",15,"check it out",FALSE,TRUE,18,"(29, 33, 41)","https://activategood.org/product/larrys-limited-edition-coffee-brew-good-blend/",TRUE,TRUE
"04/28/20",16,"https://activategood.org/covid19",FALSE,FALSE,18,"(17, 85, 204)","https://activategood.org/covid19/",FALSE,FALSE
"04/28/20",18,"https://activategood.org/remote",FALSE,FALSE,18,"(17, 85, 204)","https://activategood.org/remote",FALSE,FALSE
"04/28/20",19,"Virtual Career Speaker Series",FALSE,TRUE,15,"(0,109,131)","https://activategood.org/opportunity/5154",FALSE,FALSE
"04/28/20",20,"Junior Achievement of Eastern NC",FALSE,FALSE,16,"(57, 57, 57)","http://www.juniorachievementnc.com/",FALSE,FALSE
"04/28/20",21,"DIY Dog Toys",FALSE,TRUE,15,"(0,109,131)","https://activategood.org/remote-volunteer-project-diy-shirt-toys-dogs/",FALSE,FALSE
"04/28/20",22,"Second Chance Pet Adoptions",FALSE,FALSE,17,"(67, 67, 67)","http://www.secondchancenc.org/",FALSE,FALSE
"04/28/20",23,"Academic Packets for Students",FALSE,TRUE,15,"(0,109,131)","https://activategood.org/opportunity/5149",FALSE,FALSE
"04/28/20",24,"Activate Good",FALSE,FALSE,20,"(89, 89, 89)","https://activategood.org/",TRUE,TRUE
"04/28/20",25,"Help us keep our lights on",FALSE,FALSE,20,"(255,255,255)","https://activategood.org/donate",FALSE,FALSE
"05/05/20",2,"Homebody: A Chris Hendricks #GivingTuesdayNow Charity Concert",FALSE,TRUE,18,"(29, 33, 41)","https://www.facebook.com/events/2644248899232364/",TRUE,TRUE
"05/05/20",3,"Chris Hendricks",FALSE,TRUE,18,"(127,127,127)","http://www.iamchrishendricks.com/",FALSE,FALSE
"05/05/20",5,"Activate Good",FALSE,FALSE,16,"(57, 57, 57)","https://www.facebook.com/activategood/",TRUE,TRUE
"05/05/20",7,"Chris Hendricks",FALSE,FALSE,16,"(57, 57, 57)","https://www.facebook.com/chris.hendricks2",FALSE,FALSE
"05/05/20",8,"donate any amount",FALSE,TRUE,16,"(127,127,127)","https://secure.lglforms.com/form_engine/s/Rkoj-1l4WVRIiWjqKEHuxA",TRUE,FALSE
"05/05/20",13,"Check us out",FALSE,FALSE,16,"(127,127,127)","https://www.guidestar.org/profile/20-3057526?fbclid=IwAR1hVPmSZc99Kkv52oJKWM2PaZYafyyprgMZqghP25-cwXRyWcgv7bjvcJQ",FALSE,FALSE
"05/05/20",14,"Supply Drive for Boys & Girls Clubs",FALSE,TRUE,15,"(0,109,131)","https://activategood.org/opportunity/5123",FALSE,FALSE
"05/05/20",15,"Research to help find Grants and Donations",FALSE,TRUE,15,"(0,109,131)","https://activategood.org/opportunity/5103#tab-what",FALSE,FALSE
"05/05/20",16,"Rusty's Rescue Ranch",FALSE,FALSE,16,"(57, 57, 57)","https://rustysrescueranch.com/",FALSE,FALSE
"05/05/20",17,"Courage Cards for Teens",FALSE,TRUE,15,"(0,109,131)","https://activategood.org/opportunity/4146",FALSE,FALSE
"05/05/20",18,"Zach's Toy Chest",FALSE,FALSE,16,"(67, 67, 67)","http://www.zachstoychest.org/",FALSE,FALSE
"05/05/20",19,"2017 Volunteer Music Video",FALSE,TRUE,18,"(255, 255, 255)","https://www.youtube.com/watch?v=0fDkaYSVkF4",TRUE,TRUE
"05/05/20",21,"Activate Good",FALSE,FALSE,16,"(89, 89, 89)","https://activategood.org/",TRUE,TRUE
"05/05/20",22,"Click here to support our work",FALSE,FALSE,20,"(255,255,255)","https://activategood.org/donate",FALSE,FALSE
"05/13/20",2,"Virtual Storytime Readers",FALSE,TRUE,24,"(242, 136, 0)","https://activategood.org/virtual-volunteer-readers/",TRUE,TRUE
"05/13/20",3,"Learning Together",FALSE,TRUE,16,"(57, 57, 57)","https://www.learningtogether.org/",FALSE,FALSE
"05/13/20",4,"HERE",FALSE,TRUE,16,"(57, 57, 57)","https://forms.gle/xhpLYnA55EkFj8zA7",FALSE,FALSE
"05/13/20",6,"Help the Camden St Learning Garden Thrive",FALSE,TRUE,16,"(127,127,127)","https://foodshuttle.galaxydigital.com/agency/detail/?agency_id=93791",FALSE,FALSE
"05/13/20",7,"Inter-faith Food Shuttle",FALSE,FALSE,16,"(127,127,127)","https://www.foodshuttle.org/",FALSE,FALSE
"05/13/20",8,"Develop a website to help equip teachers to include children with disabilities",FALSE,TRUE,16,"(127,127,127)","https://activategood.org/opportunity/5155#tab-details",TRUE,FALSE
"05/13/20",10,"Sort deliveries from a Food Drive",FALSE,TRUE,16,"(127,127,127)","https://activategood.org/opportunity/5160",FALSE,FALSE
"05/13/20",11,"Durham Community Food Pantry",FALSE,FALSE,16,"(127,127,127)","https://www.catholiccharitiesraleigh.org/",FALSE,FALSE
"05/13/20",12,"Look for the Helpers",FALSE,FALSE,32,"(255, 255, 255)","https://docs.google.com/forms/d/e/1FAIpQLSeS4odBWMq1CurCt9lk0J90bqWVarVJ3zEgXkMzRDgSxYbxlQ/viewform",TRUE,TRUE
"05/13/20",16,"Triangle Nonprofits share what they hope the world will be like after the pandemic",FALSE,FALSE,21,"(57,57,57)","https://activategood.org/triangle-nonprofits-pandemic/",FALSE,FALSE
"05/13/20",17,"Activate Good",FALSE,FALSE,20,"(89, 89, 89)","https://activategood.org/",TRUE,TRUE
"05/13/20",18,"Support Our Work",FALSE,FALSE,20,"(255,255,255)","https://activategood.org/donate",FALSE,FALSE
"05/20/20",3,"HERE",FALSE,TRUE,18,"(206, 86, 0)","https://docs.google.com/forms/d/e/1FAIpQLScAclGyJNwEHIIXwz8QkpdgA86amEf7sSZwxmwJPCfd3Va2gg/viewform",FALSE,FALSE
"05/20/20",4,"Become a Digital Volunteer",FALSE,TRUE,16,"(0,109,131)","https://docs.google.com/forms/d/e/1FAIpQLScDBxysRXGCL_k7GDYfd6lEPGx6IesfD1OakIp487pVXGAsXQ/viewform",FALSE,FALSE
"05/20/20",5,"You Can Vote",FALSE,FALSE,16,"(57, 57, 57)","https://www.youcanvote.org/gonedigital",FALSE,FALSE
"05/20/20",6,"Write Letters to Isolated Seniors",FALSE,TRUE,16,"(0,109,131)","https://activategood.org/wp-content/uploads/2020/04/Op-Sr-Smiles-flyer-Apr2020.pdf",FALSE,FALSE
"05/20/20",7,"Edit community calendar posts",FALSE,TRUE,16,"(0,109,131)","https://activategood.org/opportunity/5131",FALSE,FALSE
"05/20/20",8,"Lung Cancer Initiative",FALSE,FALSE,16,"(57, 57, 57)","https://www.lungcancerinitiativenc.org/",FALSE,FALSE
"05/20/20",9,"all volunteer opportunities",FALSE,TRUE,18,"(127,127,127)","https://activategood.org/opportunity",FALSE,FALSE
"05/20/20",10,"COVID-19 volunteer opportunity highlights",FALSE,TRUE,18,"(127,127,127)","https://activategood.org/covid19/",FALSE,FALSE
"05/20/20",12,"blog",FALSE,FALSE,18,"(57, 57, 57)","https://activategood.org/blog",FALSE,FALSE
"05/20/20",13,"newest post",FALSE,TRUE,18,"(57, 57, 57)","https://activategood.org/triangle-nonprofits-pandemic/",TRUE,TRUE
"05/20/20",17,"Donate and Support Our Work",FALSE,FALSE,20,"(255,255,255)","https://activategood.org/donate",FALSE,FALSE
"05/27/20",2,"Community Partner Coronavirus Challenges",FALSE,FALSE,18,"(127, 127, 127)","https://activategood.org/coronavirus-nonprofit-report/",TRUE,TRUE
"05/27/20",5,"Fight Hunger with the Food Bank",FALSE,TRUE,16,"(127,127,127)","https://activategood.org/opportunity/5165",FALSE,FALSE
"05/27/20",6,"Collect & Donate Garden Tools",FALSE,TRUE,16,"(127,127,127)","https://activategood.org/opportunity/5139",FALSE,FALSE
"05/27/20",7,"Wildwoods Community Farm",FALSE,FALSE,16,"(127, 127, 127)","https://wildwoodsfarmnc.com/",FALSE,FALSE
"05/27/20",8,"Contribute to the Triangle Cause Wiki",FALSE,TRUE,16,"(127,127,127)","https://activategood.org/trianglecausewiki/",FALSE,FALSE
"05/27/20",10,"Annual Report",FALSE,TRUE,18,"(242, 136, 0)","https://activategood.org/impacts/",TRUE,TRUE
"05/27/20",12,"Activate Good",FALSE,FALSE,21,"(127,127,127)","https://activategood.org/",TRUE,TRUE
"05/27/20",13,"Donate now!",FALSE,FALSE,20,"(255,255,255)","https://activategood.org/donate",FALSE,FALSE
"06/05/20",2,"SmART Summer Supply Drive",FALSE,TRUE,32,"(255, 255, 255)","https://activategood.org/smart/",TRUE,TRUE
"06/05/20",4,"Art Intimacy",FALSE,TRUE,16,"(0,136,168)","https://www.artintimacy.org/",FALSE,FALSE
"06/05/20",5,"here",FALSE,TRUE,16,"(0,136,168)","https://activategood.org/wp-content/uploads/2020/05/SmARTSummerSupplyDrive-WishListFINAL.pdf",TRUE,FALSE
"06/05/20",6,"Amazon Wish List",FALSE,TRUE,16,"(0,136,168)","https://www.amazon.com/hz/wishlist/ls/H6EEWIVCSYZ3/ref=hz_ls_biz_ex",FALSE,FALSE
"06/05/20",7,"Amazon Wish List",FALSE,TRUE,16,"(0,136,168)","https://www.amazon.com/gp/registry/wishlist/H6EEWIVCSYZ3/ref=cm_wl_huc_view",FALSE,FALSE
"06/05/20",9,"Be a Volunteer Caregiver",FALSE,TRUE,16,"(127,127,127)","https://volunteercaregiving.org/volunteer-2/#volunteer-signup",FALSE,FALSE
"06/05/20",10,"Center for Volunteer Caregiving",FALSE,FALSE,16,"(127,127,127)","https://volunteercaregiving.org/",FALSE,FALSE
"06/05/20",11,"Pack & Sort Donations at the Food Bank",FALSE,TRUE,16,"(127,127,127)","https://activategood.org/opportunity/5163",FALSE,FALSE
"06/05/20",12,"Help with Census and Voting",FALSE,TRUE,16,"(127,127,127)","https://docs.google.com/forms/d/e/1FAIpQLScDBxysRXGCL_k7GDYfd6lEPGx6IesfD1OakIp487pVXGAsXQ/viewform",FALSE,FALSE
"06/05/20",13,"YouCanVote",FALSE,FALSE,16,"(127,127,127)","https://www.youcanvote.org/gonedigital",FALSE,FALSE
"06/05/20",14,"﻿",FALSE,TRUE,16,"(238, 135, 2)","https://activategood.org/social-distanced-volunteering/",TRUE,FALSE
"06/05/20",16,"here",FALSE,TRUE,16,"(127,127,127)","https://activategood.org/wp-content/uploads/2020/05/CommunityEngagementSurvey-ActivateGood2020FINAL.pdf",TRUE,TRUE
"06/05/20",18,"Activate Good",FALSE,FALSE,18,"(34, 34, 34)","http://www.activategood.org/",FALSE,FALSE
"06/05/20",19,"Support Our Work",FALSE,FALSE,20,"(255,255,255)","https://activategood.org/donate",FALSE,FALSE
"06/10/20",2,"SmART Summer Supply Drive",FALSE,TRUE,32,"(255, 255, 255)","https://activategood.org/smart/",TRUE,TRUE
"06/10/20",3,"here",FALSE,TRUE,16,"(0,136,168)","https://activategood.org/wp-content/uploads/2020/05/SmARTSummerSupplyDrive-WishListFINAL.pdf",TRUE,FALSE
"06/10/20",4,"Amazon Wish List",FALSE,TRUE,16,"(0,136,168)","https://www.amazon.com/hz/wishlist/ls/H6EEWIVCSYZ3/ref=hz_ls_biz_ex",FALSE,FALSE
"06/10/20",5,"Amazon Wish List",FALSE,TRUE,16,"(0,136,168)","https://www.amazon.com/gp/registry/wishlist/H6EEWIVCSYZ3/ref=cm_wl_huc_view",FALSE,FALSE
"06/10/20",8,"Research for the Triangle Cause Wiki",FALSE,TRUE,16,"(57, 57, 57)","https://activategood.org/trianglecausewiki/",FALSE,FALSE
"06/10/20",9,"Spanish Medical Translation",FALSE,TRUE,16,"(57, 57, 57)","https://activategood.org/opportunity/2327",FALSE,FALSE
"06/10/20",10,"Pack & Sort Donations at the Food Bank",FALSE,TRUE,16,"(57, 57, 57)","https://activategood.org/opportunity/5163",FALSE,FALSE
"06/10/20",11,"RSVP to participate",FALSE,TRUE,17,"(238, 135, 2)","https://us02web.zoom.us/meeting/register/tZ0rf-6upzssGtKgVMkznkdR1nZKg9aa9DVN",FALSE,FALSE
"06/10/20",12,"Read more",FALSE,TRUE,18,"(238, 135, 2)","https://activategood.org/black-led-triangle-nonprofits/",TRUE,TRUE
"06/10/20",14,"Complete our volunteer interest form",FALSE,FALSE,20,"(57, 57, 57)","https://docs.google.com/forms/d/e/1FAIpQLSdt7CbAHESSoCWm_j3eKBO7KfJGKDNXcpqBNRoPawh9P8GH9Q/viewform?usp=sf_link",FALSE,FALSE
"06/10/20",16,"Donate to Support People-Powered Projects for Good",FALSE,FALSE,20,"(255,255,255)","https://activategood.org/donate",FALSE,FALSE
"06/17/20",3,"Middle Mile driver",FALSE,TRUE,16,"(57, 57, 57)","https://docs.google.com/forms/d/e/1FAIpQLSc7hxiJOXuENpd550X3sbbHr--CDDBhV2I74go-fKPtJ3WPBg/viewform",TRUE,TRUE
"06/17/20",5,"﻿Join us TONIGHT!",FALSE,TRUE,32,"(255, 255, 255)","https://us02web.zoom.us/meeting/register/tZ0rf-6upzssGtKgVMkznkdR1nZKg9aa9DVN",TRUE,FALSE
"06/17/20",7,"Support Our Work",FALSE,FALSE,20,"(255,255,255)","https://activategood.org/donate",TRUE,FALSE
"06/17/20",8,"Send a Smile",FALSE,TRUE,16,"(0, 109, 131)","https://activategood.org/wp-content/uploads/2020/06/SendASmile_digital.pdf",FALSE,FALSE
"06/17/20",9,"Transitions LifeCare",FALSE,FALSE,16,"(57,57,57)","https://transitionslifecare.org/",FALSE,FALSE
"06/17/20",10,"Collect & Donate Garden Tools",FALSE,TRUE,16,"(0, 109, 131)","https://activategood.org/opportunity/5139",FALSE,FALSE
"06/17/20",11,"Wildwoods Community Farm",FALSE,FALSE,16,"(57, 57, 57)","https://wildwoodsfarmnc.com/",FALSE,FALSE
"06/17/20",12,"DIY Dog Toys",FALSE,TRUE,16,"(0, 109, 131)","https://activategood.org/remote-volunteer-project-diy-shirt-toys-dogs/",FALSE,FALSE
"06/17/20",13,"Second Chance Pet Adoptions",FALSE,FALSE,16,"(67, 67, 67)","https://www.secondchancenc.org/",FALSE,FALSE
"06/17/20",14,"all volunteer needs",FALSE,TRUE,18,"(57, 57, 57)","https://activategood.org/opportunity",FALSE,FALSE
"06/17/20",15,"﻿Complete our group volunteer interest form",FALSE,FALSE,18,"(255, 255, 255)","https://docs.google.com/forms/d/e/1FAIpQLSdt7CbAHESSoCWm_j3eKBO7KfJGKDNXcpqBNRoPawh9P8GH9Q/viewform?usp=sf_link",TRUE,TRUE
"06/24/20",2,"﻿Complete our group volunteer interest form",FALSE,FALSE,18,"(255, 255, 255)","https://docs.google.com/forms/d/e/1FAIpQLSdt7CbAHESSoCWm_j3eKBO7KfJGKDNXcpqBNRoPawh9P8GH9Q/viewform?usp=sf_link",TRUE,TRUE
"06/24/20",4,"Support Our Efforts",FALSE,FALSE,20,"(255,255,255)","https://activategood.org/donate",FALSE,FALSE
"06/24/20",5,"Build a Stage",FALSE,TRUE,16,"(0, 109, 131)","https://activategood.org/opportunity/5186",FALSE,FALSE
"06/24/20",6,"CORRAL Riding Academy",FALSE,FALSE,16,"(57, 57, 57)","https://corralriding.org/",FALSE,FALSE
"06/24/20",7,"Help Dress for Success Shoppers",FALSE,TRUE,16,"(0, 109, 131)","https://activategood.org/opportunity/5179",FALSE,FALSE
"06/24/20",8,"Paint Rocks for Victory Garden",FALSE,TRUE,16,"(0, 109, 131)","https://activategood.org/opportunity/5192",FALSE,FALSE
"06/24/20",9,"Wildwoods Community Farm",FALSE,FALSE,16,"(57, 57, 57)","http://wildwoodsfarmnc.com/",FALSE,FALSE
"06/24/20",10,"﻿Wednesday, July 1 at 5:30pm",FALSE,TRUE,32,"(255, 255, 255)","https://us02web.zoom.us/meeting/register/tZMld-yuqj0pGtKZI0gFaxYxxohQfK9LWcMQ",TRUE,FALSE
"07/01/20",2,"SmART Summer Supply Drive",FALSE,TRUE,32,"(255, 255, 255)","https://activategood.org/smart/",FALSE,FALSE
"07/01/20",4,"The Loading Dock",FALSE,TRUE,14,"(231, 93, 38)","https://www.theloadingdock.com/",FALSE,FALSE
"07/01/20",5,"Pack & Sort Donations at the Food Bank",FALSE,TRUE,16,"(57, 57, 57)","https://activategood.org/opportunity/5163",FALSE,FALSE
"07/01/20",6,"Prep for the Super Duper Duck Splash",FALSE,TRUE,16,"(57, 57, 57)","https://activategood.org/opportunity/5195",FALSE,FALSE
"07/01/20",7,"Update Client Info in Database",FALSE,TRUE,16,"(57, 57, 57)","https://activategood.org/opportunity/5199",FALSE,FALSE
"07/01/20",8,"CORA",FALSE,FALSE,16,"(57, 57, 57)","https://www.corafoodpantry.org/",FALSE,FALSE
"07/01/20",9,"here",FALSE,TRUE,16,"(127,127,127)","https://activategood.org/opportunity",FALSE,FALSE
"07/01/20",10,"here",FALSE,TRUE,16,"(127,127,127)","https://activategood.org/covid19/",FALSE,FALSE
"07/01/20",11,"Community Virtual Town Hall",FALSE,FALSE,24,"(255, 255, 255)","https://us02web.zoom.us/meeting/register/tZMld-yuqj0pGtKZI0gFaxYxxohQfK9LWcMQ",TRUE,FALSE
"07/01/20",13,"Activate Good",FALSE,FALSE,16,"(102, 94, 208)","https://www.linkedin.com/company/2248859/",FALSE,FALSE
"07/01/20",14,"Click here to learn more and apply",FALSE,TRUE,24,NA,"https://activategood.org/join-board/",FALSE,FALSE
"07/01/20",17,"Donate to Support People-Powered Projects for Good",FALSE,FALSE,20,"(255,255,255)","https://activategood.org/donate",FALSE,FALSE
"07/08/20",2,"Activate Good",FALSE,FALSE,16,"(13, 0, 0)","http://www.activategood.org/",FALSE,FALSE
"07/08/20",3,"Click here to learn more and apply",FALSE,TRUE,24,NA,"https://activategood.org/join-board/",FALSE,FALSE
"07/08/20",4,"﻿Operation Summer Hunger",FALSE,FALSE,32,"(255, 255, 255)","https://activategood.org/operationsummerhunger/",TRUE,TRUE
"07/08/20",9,"Write Courage Cards in Spanish",FALSE,TRUE,16,"(233, 93, 20)","https://activategood.org/opportunity/5193",FALSE,FALSE
"07/08/20",10,"Prep for the Super Duper Duck Splash",FALSE,TRUE,16,"(233, 93, 20)","https://activategood.org/opportunity/5195",FALSE,FALSE
"07/08/20",11,"Grow a Garden Group!",FALSE,TRUE,16,"(233, 93, 20)","https://activategood.org/opportunity/5188",FALSE,FALSE
"07/08/20",12,"Soil Trotters",FALSE,FALSE,16,"(127,127,127)","https://www.soiltrotters.org/",FALSE,FALSE
"07/08/20",13,"here",FALSE,TRUE,16,"(233,93,20)","https://activategood.org/opportunity",FALSE,FALSE
"07/08/20",14,"here",FALSE,TRUE,16,"(233,93,20)","https://activategood.org/covid19",FALSE,FALSE
"07/08/20",15,"Support Our Efforts",FALSE,FALSE,20,"(255,255,255)","https://activategood.org/donate",FALSE,FALSE
"07/08/20",16,"﻿",FALSE,TRUE,32,"(255, 255, 255)","https://us02web.zoom.us/meeting/register/tZMld-yuqj0pGtKZI0gFaxYxxohQfK9LWcMQ",FALSE,FALSE
"07/08/20",17,"Wednesday, July 15 at 5:30pm",FALSE,TRUE,32,"(255, 255, 255)","https://us02web.zoom.us/meeting/register/tZYuduihpjMrGNb9IwBR32owfDbrCBRr550r",TRUE,TRUE
"07/08/20",20,"here",FALSE,TRUE,24,"(0, 136, 168)","https://us02web.zoom.us/meeting/register/tZYuduihpjMrGNb9IwBR32owfDbrCBRr550r%20",FALSE,FALSE
"07/21/20",2,"Operation Summer Hunger",FALSE,TRUE,32,"(148, 45, 27)","https://activategood.org/operationsummerhunger/",TRUE,TRUE
"07/21/20",5,"Town Hall!",FALSE,FALSE,27,"(255, 255, 255)","https://us02web.zoom.us/meeting/register/tZYod-6oqjwrHtVgsTZ1mqBNKgG0OKYMd1V5",TRUE,FALSE
"07/21/20",7,"﻿Update a database",FALSE,TRUE,16,"(57, 57, 57)","https://activategood.org/opportunity/5199",FALSE,FALSE
"07/21/20",8,"CORA Food Pantry",FALSE,FALSE,16,"(57, 57, 57)","https://www.corafoodpantry.org/",FALSE,FALSE
"07/21/20",9,"﻿Grab, Go, and Read!",FALSE,TRUE,16,"(57, 57, 57)","https://activategood.org/opportunity/5219",FALSE,FALSE
"07/21/20",10,"Wake Up and Read",FALSE,FALSE,16,"(57, 57, 57)","https://wakeupandread.org/",FALSE,FALSE
"07/21/20",11,"Build Tiny Houses",FALSE,TRUE,16,"(57, 57, 57)","https://activategood.org/opportunity/5224",FALSE,FALSE
"07/21/20",12,"Wildwoods Community Farm",FALSE,FALSE,16,"(57, 57, 57)","http://wildwoodsfarmnc.com/",FALSE,FALSE
"07/21/20",13,"Monthly Giving Program",FALSE,FALSE,27,"(255, 255, 255)","https://secure.lglforms.com/form_engine/s/9krEk8xlVTtTcNGy_0EyDg",TRUE,FALSE
"07/21/20",16,"United We Help",FALSE,FALSE,30,"(255, 255, 255)","https://activategood.org/united",TRUE,TRUE
"07/21/20",17,"website",FALSE,TRUE,16,"(0, 136, 168)","https://activategood.org/united/",FALSE,FALSE
"07/21/20",18,"Complete our volunteer interest form",FALSE,TRUE,16,"(148, 45, 27)","https://docs.google.com/forms/d/e/1FAIpQLSdt7CbAHESSoCWm_j3eKBO7KfJGKDNXcpqBNRoPawh9P8GH9Q/viewform?usp=sf_link",FALSE,FALSE
"07/21/20",20,"Support People-Powered Projects for Good",FALSE,FALSE,20,"(255,255,255)","https://activategood.org/donate",FALSE,FALSE
"07/29/20",2,"Summer Signs for Good Sale",FALSE,FALSE,32,"(255, 255, 255)","https://activategood.org/product/signs-for-good/",TRUE,TRUE
"07/29/20",3,"﻿",FALSE,FALSE,32,"(127,127,127)","https://activategood.org/operationsummerhunger/",FALSE,FALSE
"07/29/20",8,"Learn more",FALSE,FALSE,18,"(233,93,20)","https://activategood.org/signs/",FALSE,FALSE
"07/29/20",9,"Fight Hunger at the Food Bank",FALSE,TRUE,16,"(233, 93, 20)","https://activategood.org/opportunity/5163",FALSE,FALSE
"07/29/20",10,"Write Courage Cards in Spanish",FALSE,TRUE,16,"(233, 93, 20)","https://activategood.org/opportunity/5193",FALSE,FALSE
"07/29/20",11,"Pantry Makeover!",FALSE,TRUE,16,"(233, 93, 20)","https://activategood.org/opportunity/5236",FALSE,FALSE
"07/29/20",12,"The Alliance of AIDS Services",FALSE,FALSE,16,"(57, 57, 57)","https://www.aas-c.org/alliance-care-services/food-pantry.html",FALSE,FALSE
"07/29/20",13,"here",FALSE,TRUE,16,"(233,93,20)","https://activategood.org/opportunity",FALSE,FALSE
"07/29/20",14,"here",FALSE,TRUE,16,"(233,93,20)","https://activategood.org/covid19",FALSE,FALSE
"07/29/20",15,"Train to be a Project Leader",FALSE,TRUE,18,"(255, 255, 255)","https://activategood.org/opportunity/5235",FALSE,FALSE
"07/29/20",16,"here",FALSE,FALSE,18,"(255, 255, 255)","https://activategood.org/opportunity/5235#tab-details",FALSE,FALSE
"07/29/20",17,"here",FALSE,FALSE,18,"(255, 255, 255)","https://activategood.org/opportunity/5235#tab-shifts",FALSE,FALSE
"07/29/20",18,"Support Our Efforts",FALSE,FALSE,20,"(255,255,255)","https://activategood.org/donate",FALSE,FALSE
"07/29/20",19,"﻿",FALSE,TRUE,32,"(255, 255, 255)","https://us02web.zoom.us/meeting/register/tZMld-yuqj0pGtKZI0gFaxYxxohQfK9LWcMQ",FALSE,FALSE
"07/29/20",20,"Wednesday, July 29 at 5:30pm",FALSE,TRUE,32,"(255, 255, 255)","https://us02web.zoom.us/meeting/register/tZYod-6oqjwrHtVgsTZ1mqBNKgG0OKYMd1V5%20",TRUE,TRUE
"07/29/20",21,"﻿",FALSE,FALSE,10,"(127,127,127)","https://us02web.zoom.us/meeting/register/tZYuduihpjMrGNb9IwBR32owfDbrCBRr550r",FALSE,FALSE
"08/05/20",3,"HERE",FALSE,TRUE,18,"(127,127,127)","https://activategood.org/operationaccesspart2/",TRUE,TRUE
"08/05/20",5,"Fight Hunger with the Food Bank",FALSE,TRUE,16,"(233, 93, 20)","https://activategood.org/opportunity/5163#tab-shifts",FALSE,FALSE
"08/05/20",6,"Sort and Pack Books",FALSE,TRUE,16,"(233, 93, 20)","https://activategood.org/opportunity/5239",FALSE,FALSE
"08/05/20",7,"Refrigerator Repair Professional",FALSE,TRUE,16,"(233, 93, 20)","https://activategood.org/opportunity/5238",FALSE,FALSE
"08/05/20",8,"CAARE Food Pantry",FALSE,FALSE,16,"(57, 57, 57)","https://www.caare-inc.org/",FALSE,FALSE
"08/05/20",9,"Train to be a Project Leader",FALSE,TRUE,16,"(148, 45, 27)","https://activategood.org/opportunity/5235",FALSE,FALSE
"08/05/20",10,"here",FALSE,FALSE,16,"(57, 57, 57)","https://activategood.org/opportunity/5235#tab-details",FALSE,FALSE
"08/05/20",11,"here",FALSE,FALSE,16,"(57, 57, 57)","https://activategood.org/opportunity/5235#tab-shifts",FALSE,FALSE
"08/05/20",12,"here",FALSE,TRUE,16,"(148, 45, 27)","https://activategood.org/opportunity",FALSE,FALSE
"08/05/20",13,"here",FALSE,TRUE,16,"(148, 45, 27)","https://activategood.org/covid19",FALSE,FALSE
"08/05/20",14,"Support Our Efforts",FALSE,FALSE,20,"(255,255,255)","https://activategood.org/donate",FALSE,FALSE
"08/05/20",15,"﻿Signs for Good",FALSE,FALSE,32,"(255, 255, 255)","https://activategood.org/product/signs-for-good/",TRUE,TRUE
"08/05/20",22,"﻿",FALSE,TRUE,32,"(255, 255, 255)","https://us02web.zoom.us/meeting/register/tZMld-yuqj0pGtKZI0gFaxYxxohQfK9LWcMQ",FALSE,FALSE
"08/05/20",23,"Wednesday, August 12 at 5:30pm",FALSE,TRUE,32,"(255, 255, 255)","https://us02web.zoom.us/meeting/register/tZYkc-iorjktHtWzU1flW8EMG1QySCPdxk-n%20",TRUE,TRUE
"08/12/20",3,"Operation Access Part 2",FALSE,TRUE,18,"(127,127,127)","http://www.activategood.org/operationaccesspart2",TRUE,TRUE
"08/12/20",4,"HERE",FALSE,TRUE,18,"(127,127,127)","https://www.eventbrite.com/e/activate-good-wcpss-call-for-volunteers-operation-access-5-locations-tickets-115895078299",TRUE,FALSE
"08/12/20",6,"﻿Wednesday, August 12 at 5:30pm",FALSE,TRUE,32,"(255, 255, 255)","https://us02web.zoom.us/meeting/register/tZYkc-iorjktHtWzU1flW8EMG1QySCPdxk-n",TRUE,TRUE
"08/12/20",10,"Summer Signs for Good Sale",FALSE,FALSE,32,"(255, 255, 255)","https://activategood.org/product/signs-for-good/",TRUE,TRUE
"08/12/20",11,"﻿",FALSE,FALSE,32,"(127,127,127)","https://activategood.org/operationsummerhunger/",FALSE,FALSE
"08/12/20",16,"Book Bag Drive Thru",FALSE,TRUE,16,"(148, 45, 27)","https://activategood.org/opportunity/5250",FALSE,FALSE
"08/12/20",17,"Boys & Girls Club",FALSE,FALSE,16,"(57, 57, 57)","http://wakebgc.org/",FALSE,FALSE
"08/12/20",18,"Pantry Makeover!",FALSE,TRUE,16,"(148, 45, 27)","https://activategood.org/opportunity/5236",FALSE,FALSE
"08/12/20",19,"The Alliance of AIDS Services",FALSE,FALSE,16,"(57, 57, 57)","https://www.aas-c.org/alliance-care-services/food-pantry.html",FALSE,FALSE
"08/12/20",20,"Write Courage Cards in Spanish",FALSE,TRUE,16,"(148, 45, 27)","https://activategood.org/opportunity/5193",FALSE,FALSE
"08/12/20",21,"here",FALSE,TRUE,16,"(148, 45, 27)","https://activategood.org/opportunity",FALSE,FALSE
"08/12/20",22,"here",FALSE,TRUE,16,"(148,45,27)","https://activategood.org/covid19",FALSE,FALSE
"08/12/20",24,"HERE",FALSE,TRUE,16,"(0, 136, 168)","http://www.activategood.org/united",TRUE,TRUE
"08/12/20",25,"Support Our Efforts",FALSE,FALSE,20,"(255,255,255)","https://activategood.org/donate",FALSE,FALSE
"08/19/20",6,"Virtual Learning Series",FALSE,TRUE,32,"(127,127,127)","https://activategood.org/united",TRUE,FALSE
"08/19/20",14,"Wells Fargo",FALSE,FALSE,18,"(127,127,127)","https://www.wellsfargo.com/",FALSE,FALSE
"08/19/20",15,"Genworth Mortgage Insurance",FALSE,FALSE,18,"(127,127,127)","https://new.mortgageinsurance.genworth.com/",FALSE,FALSE
"08/19/20",16,"HZO",FALSE,FALSE,18,"(127,127,127)","https://www.hzo.com/",FALSE,FALSE
"08/19/20",17,"WRAL",FALSE,FALSE,18,"(127,127,127)","https://www.wral.com/",FALSE,FALSE
"08/19/20",18,"Attended Events",FALSE,FALSE,18,"(127,127,127)","https://attendedevents.com/about",FALSE,FALSE
"08/19/20",20,"Operation Access Part 2",FALSE,TRUE,18,"(127,127,127)","http://www.activategood.org/operationaccesspart2",TRUE,TRUE
"08/19/20",21,"See details / sign up HERE",FALSE,FALSE,20,"(255,255,255)","https://www.eventbrite.com/e/activate-good-wcpss-call-for-volunteers-operation-access-5-locations-tickets-115895078299",FALSE,FALSE
"08/19/20",22,"Food Pantry Distribution Set-up",FALSE,TRUE,16,"(148, 45, 27)","https://activategood.org/opportunity/5251",FALSE,FALSE
"08/19/20",23,"Movers needed",FALSE,TRUE,16,"(148, 45, 27)","https://activategood.org/opportunity/5253",FALSE,FALSE
"08/19/20",24,"Women's Center",FALSE,FALSE,16,"(57, 57, 57)","http://www.wcwc.org/",FALSE,FALSE
"08/19/20",25,"Social Media Volunteer",FALSE,TRUE,16,"(148, 45, 27)","https://activategood.org/opportunity/5260#tab-what",FALSE,FALSE
"08/19/20",26,"here",FALSE,TRUE,16,"(57, 57, 57)","https://activategood.org/opportunity",FALSE,FALSE
"08/19/20",27,"Activate Good",FALSE,TRUE,14,"(148, 45, 27)","https://activategood.org/",TRUE,TRUE
"08/19/20",28,"Donate NOW",FALSE,FALSE,20,"(255,255,255)","https://activategood.org/donate",FALSE,FALSE
"08/26/20",2,"Virtual Community Town Hall TONIGHT!",FALSE,TRUE,32,"(0, 109, 131)","https://us02web.zoom.us/meeting/register/tZAufuGtrD4pG9XA8D-c-l3bCUqIPFQGvwqn",TRUE,FALSE
"08/26/20",8,"Virtual Learning Series",FALSE,TRUE,32,"(127,127,127)","https://activategood.org/united",TRUE,FALSE
"08/26/20",16,"Wells Fargo",FALSE,FALSE,18,"(127,127,127)","https://www.wellsfargo.com/",FALSE,FALSE
"08/26/20",17,"Genworth Mortgage Insurance",FALSE,FALSE,18,"(127,127,127)","https://new.mortgageinsurance.genworth.com/",FALSE,FALSE
"08/26/20",18,"HZO",FALSE,FALSE,18,"(127,127,127)","https://www.hzo.com/",FALSE,FALSE
"08/26/20",19,"WRAL",FALSE,FALSE,18,"(127,127,127)","https://www.wral.com/",FALSE,FALSE
"08/26/20",20,"Attended Events",FALSE,FALSE,18,"(127,127,127)","https://attendedevents.com/about",FALSE,FALSE
"08/26/20",22,"See details / sign up HERE",FALSE,FALSE,20,"(255,255,255)","https://www.eventbrite.com/e/activate-good-wcpss-call-for-volunteers-operation-access-5-locations-tickets-115895078299",TRUE,FALSE
"08/26/20",23,"Operation Access Part 2",FALSE,TRUE,18,"(127,127,127)","http://www.activategood.org/operationaccesspart2",TRUE,TRUE
"08/26/20",25,"Support Our Efforts",FALSE,FALSE,20,"(255,255,255)","https://activategood.org/donate",FALSE,FALSE
"08/26/20",26,"Stock Food for Families in Need",FALSE,TRUE,16,"(148, 45, 27)","https://activategood.org/opportunity/5264",FALSE,FALSE
"08/26/20",27,"Give high schoolers a BOOST!",FALSE,TRUE,16,"(148, 45, 27)","https://activategood.org/opportunity/5233",FALSE,FALSE
"08/26/20",28,"Fight Hunger at the Food Bank",FALSE,TRUE,16,"(148, 45, 27)","https://activategood.org/opportunity/5163",FALSE,FALSE
"08/26/20",29,"here",FALSE,TRUE,16,"(57, 57, 57)","https://activategood.org/opportunity",FALSE,FALSE
"08/26/20",30,"Activate Good",FALSE,TRUE,14,"(148, 45, 27)","https://activategood.org/",TRUE,TRUE
"09/02/20",6,"Virtual Learning Series",FALSE,TRUE,32,"(127,127,127)","https://activategood.org/united",TRUE,FALSE
"09/02/20",13,"Learn more and register here!",FALSE,TRUE,24,"(255, 255, 255)","http://www.activategood.org/united",FALSE,FALSE
"09/02/20",14,"Wells Fargo",FALSE,FALSE,18,"(127,127,127)","https://www.wellsfargo.com/",FALSE,FALSE
"09/02/20",15,"Genworth Mortgage Insurance",FALSE,FALSE,18,"(127,127,127)","https://new.mortgageinsurance.genworth.com/",FALSE,FALSE
"09/02/20",16,"HZO",FALSE,FALSE,18,"(127,127,127)","https://www.hzo.com/",FALSE,FALSE
"09/02/20",17,"WRAL",FALSE,FALSE,18,"(127,127,127)","https://www.wral.com/",FALSE,FALSE
"09/02/20",18,"Attended Events",FALSE,FALSE,18,"(127,127,127)","https://attendedevents.com/about",FALSE,FALSE
"09/02/20",19,"Support Our Efforts",FALSE,FALSE,20,"(255,255,255)","https://activategood.org/donate",FALSE,FALSE
"09/02/20",20,"﻿Contribute a Career or Workplace Video",FALSE,TRUE,16,"(0, 109, 131)","https://activategood.org/opportunity/5215",FALSE,FALSE
"09/02/20",21,"Durham",FALSE,FALSE,16,"(97, 97, 97)","https://activategood.org/opportunity/5208",FALSE,FALSE
"09/02/20",22,"Raleigh",FALSE,FALSE,16,"(97, 97, 97)","https://activategood.org/opportunity/5207",FALSE,FALSE
"09/02/20",23,"﻿Get Out the Vote!",FALSE,TRUE,16,"(0, 109, 131)","https://activategood.org/opportunity/5212",FALSE,FALSE
"09/02/20",24,"Social Media Ambassador!",FALSE,TRUE,16,"(0, 136, 168)","https://activategood.org/opportunity/5248",FALSE,FALSE
"09/02/20",25,"this form",FALSE,FALSE,16,"(0, 136, 168)","https://docs.google.com/forms/d/e/1FAIpQLSfalrBb7EWQYYGtReFZhGSEjrFB3P0e_wvd_gG1fmK-mgzmxA/viewform",FALSE,FALSE
"09/02/20",27,"this form",FALSE,TRUE,18,"(152, 154, 38)","http://www.activategood.org/giving",TRUE,TRUE
"09/02/20",31,"Activate Good",FALSE,TRUE,14,"(148, 45, 27)","https://activategood.org/",TRUE,TRUE
"09/09/20",2,"monthly donations",FALSE,TRUE,16,"(179, 183, 27)","http://www.activategood.org/giving",FALSE,FALSE
"09/09/20",3,"If 200 new monthly givers",FALSE,TRUE,16,"(228, 134, 9)","https://activategood.org/giving/",TRUE,FALSE
"09/09/20",7,"Create BOOST Videos about Academic Concepts",FALSE,TRUE,16,"(57, 57, 57)","https://activategood.org/opportunity/5233",FALSE,FALSE
"09/09/20",8,"Raleigh",FALSE,TRUE,16,"(57, 57, 57)","https://activategood.org/opportunity/5207",FALSE,FALSE
"09/09/20",9,"Durham",FALSE,TRUE,16,"(57, 57, 57)","https://activategood.org/opportunity/5208",FALSE,FALSE
"09/09/20",10,"Make a Video about Your Career or Workplace",FALSE,TRUE,16,"(57, 57, 57)","https://activategood.org/opportunity/5215",FALSE,FALSE
"09/09/20",11,"here",FALSE,TRUE,16,"(127,127,127)","https://activategood.org/unitedwehelp2020",FALSE,FALSE
"09/09/20",12,"here",FALSE,TRUE,16,"(127,127,127)","https://activategood.org/opportunity",FALSE,FALSE
"09/09/20",13,"Genworth Mortgage Insurance",FALSE,FALSE,18,"(148, 45, 27)","https://www.genworth.com/",FALSE,FALSE
"09/09/20",14,"Jason Adamo Band",FALSE,FALSE,18,"(148, 45, 27)","https://www.jasonadamo.com/",FALSE,FALSE
"09/09/20",15,"9/11 Day",FALSE,FALSE,18,"(148, 45, 27)","https://911day.org/",FALSE,FALSE
"09/09/20",16,"WRAL.com",FALSE,FALSE,18,"(148, 45, 27)","https://l.facebook.com/l.php?u=http%3A%2F%2FWRAL.com%2F&h=AT0sMrV9amyQsFZBCjcwxm2ylTQnmUehRMAycAldAUBCO0ZslNrEy1hbDnXSuJuRTiuMCutDn1SnkbnNiIWpkGYIhaFIKZpWObrpHBEJA216DLRlrqfrFpRgU0_OZQeS-9zWBmkk8TrpbhoAN27a80ciensxllzHRaKPQf6Q3A",FALSE,FALSE
"09/09/20",17,"Facebook Watch Party!",FALSE,TRUE,24,"(148, 45, 27)","https://www.facebook.com/events/665563287724379/",TRUE,TRUE
"09/09/20",19,"Support Our Work",FALSE,FALSE,16,"(255,255,255)","http://www.activategood.org/donate",FALSE,FALSE
"09/16/20",2,"monthly donations",FALSE,FALSE,16,"(179, 183, 27)","http://www.activategood.org/giving",TRUE,FALSE
"09/16/20",3,"If 200 new Monthly Donors",FALSE,FALSE,16,"(179, 183, 27)","https://activategood.org/giving/",TRUE,FALSE
"09/16/20",6,"blog post",FALSE,FALSE,18,"(0,136,168)","https://activategood.org/youth-giving-and-philanthropy/",FALSE,FALSE
"09/16/20",10,"Make a Video about Your Career or Workplace",FALSE,TRUE,16,"(57, 57, 57)","https://activategood.org/opportunity/5215",FALSE,FALSE
"09/16/20",11,"Pepper Fest",FALSE,TRUE,16,"(57, 57, 57)","https://activategood.org/opportunity/5053",FALSE,FALSE
"09/16/20",12,"Family-friendly volunteering",FALSE,TRUE,16,"(57, 57, 57)","https://activategood.org/opportunity/5247",FALSE,FALSE
"09/16/20",13,"here",FALSE,TRUE,16,"(127,127,127)","https://activategood.org/unitedwehelp2020",FALSE,FALSE
"09/16/20",14,"Education",FALSE,TRUE,16,"(127,127,127)","https://us02web.zoom.us/meeting/register/tZUrduChrDgpHNFptu4DUk7YKGqbP34kGSHP",FALSE,FALSE
"09/16/20",15,"Homelessness",FALSE,TRUE,16,"(127,127,127)","https://us02web.zoom.us/meeting/register/tZcrceCrqT0oEtdrp-JVpTFm3Q6OlB_PkkS0",FALSE,FALSE
"09/16/20",16,"Unemployment",FALSE,TRUE,16,"(127,127,127)","https://us02web.zoom.us/meeting/register/tZcqduytqz0pEtUAkZhb9Q3bWMGSEIb23Nnv",FALSE,FALSE
"09/16/20",17,"here",FALSE,TRUE,16,"(127,127,127)","https://activategood.org/opportunity",FALSE,FALSE
"09/16/20",18,"See All United We Help Initiatives Here",FALSE,FALSE,20,"(255,255,255)","https://activategood.org/united/",TRUE,TRUE
"09/16/20",19,"Activate Good",FALSE,TRUE,14,"(0, 109, 131)","https://activategood.org/",TRUE,TRUE
"09/23/20",2,"Activate Good",FALSE,FALSE,16,"(57, 57, 57)","https://activategood.org/",TRUE,TRUE
"09/23/20",6,"Families And Schools Together",FALSE,TRUE,32,"(148, 45, 27)","https://activategood.org/FAST",FALSE,FALSE
"09/23/20",7,"Learn more and sign up to help here",FALSE,TRUE,16,"(248, 118, 0)","https://activategood.org/fast",TRUE,TRUE
"09/23/20",8,"HERE",FALSE,FALSE,18,"(0, 109, 131)","https://youtu.be/OLWmf0eacOM",FALSE,FALSE
"09/23/20",9,"Virtual 9/11 Commemoration",FALSE,FALSE,18,"(57, 57, 57)","https://www.youtube.com/watch?v=OLWmf0eacOM&t=1s&ab_channel=ActivateGood",FALSE,FALSE
"09/23/20",10,"Attended Events",FALSE,TRUE,18,"(0, 109, 131)","https://attendedevents.com/",TRUE,TRUE
"09/23/20",13,"Support Our Efforts",FALSE,FALSE,20,"(255,255,255)","https://activategood.org/donate",FALSE,FALSE
"09/23/20",14,"United We Help Month",FALSE,TRUE,24,"(0, 109, 131)","http://www.activategood.org/united",FALSE,FALSE
"09/23/20",17,"Help Sort, Stock, Distribute and more",FALSE,TRUE,16,"(148, 45, 27)","https://activategood.org/opportunity/5169",FALSE,FALSE
"09/23/20",18,"Western Wake Crisis Ministry",FALSE,FALSE,16,"(10, 10, 10)","http://www.wwcm.org/",FALSE,FALSE
"09/23/20",19,"Give high schoolers a BOOST!",FALSE,TRUE,16,"(148, 45, 27)","https://activategood.org/opportunity/5233",FALSE,FALSE
"09/23/20",20,"DIY: Create Family Essentials Kits",FALSE,TRUE,16,"(148, 45, 27)","https://activategood.org/remote-volunteer-project-diy-family-essentials-kits/",TRUE,TRUE
"09/23/20",25,"HERE",FALSE,FALSE,24,"(255, 255, 255)","https://activategood.org/unitedwehelp2020",FALSE,FALSE
"09/23/20",26,"here",FALSE,TRUE,16,"(57, 57, 57)","https://activategood.org/opportunity",FALSE,FALSE
"09/30/20",2,"Operation Mask Up!",FALSE,TRUE,32,"(0, 109, 131)","https://activategood.org/operationmaskup",FALSE,FALSE
"09/30/20",4,"must register",FALSE,FALSE,18,"(67, 67, 67)","https://activategood.org/opportunity/5333",TRUE,FALSE
"09/30/20",6,"﻿Families And Schools Together",FALSE,TRUE,32,"(0, 109, 131)","https://activategood.org/fast",TRUE,TRUE
"09/30/20",9,"Assemble Family Essentials Kits for local families!",FALSE,TRUE,16,"(146, 46, 33)","https://activategood.org/remote-volunteer-project-diy-family-essentials-kits/",FALSE,FALSE
"09/30/20",10,"Create DIY Toys for Adoptable Pups",FALSE,TRUE,16,"(148, 45, 27)","https://activategood.org/remote-volunteer-project-diy-shirt-toys-dogs/",FALSE,FALSE
"09/30/20",11,"Second Chance Pet Adoptions",FALSE,FALSE,16,"(57, 57, 57)","http://www.secondchancenc.org/",FALSE,FALSE
"09/30/20",12,"Make Cards for Isolated Seniors",FALSE,TRUE,16,"(148, 45, 27)","https://activategood.org/wp-content/uploads/2020/04/Op-Sr-Smiles-flyer-Apr2020.pdf",FALSE,FALSE
"09/30/20",13,"all volunteer opportunities",FALSE,FALSE,18,"(148, 45, 27)","https://activategood.org/opportunity",FALSE,FALSE
"09/30/20",15,"HERE",FALSE,TRUE,18,"(0, 136, 168)","https://us02web.zoom.us/meeting/register/tZ0sduuhqTkuHtf5rv8Jy7B82A_ZJa_RZT6Q",TRUE,TRUE
"09/30/20",16,"Will you join",FALSE,TRUE,16,"(179, 183, 27)","https://activategood.org/giving/",TRUE,FALSE
"09/30/20",19,"Lee@activategood.org",FALSE,FALSE,18,"(255, 255, 255)","mailto:Lee@activategood.org?subject=Newsletter%20Sponsor%20Inquiry",FALSE,FALSE
"09/30/20",20,"Activate Good",FALSE,TRUE,14,"(0, 109, 131)","https://activategood.org/",TRUE,TRUE
"10/07/20",3,"HERE",FALSE,TRUE,18,"(0, 136, 168)","https://us02web.zoom.us/meeting/register/tZ0sduuhqTkuHtf5rv8Jy7B82A_ZJa_RZT6Q",TRUE,TRUE
"10/07/20",5,"hoodies",FALSE,TRUE,24,"(127,127,127)","https://activategood.org/product/signs-for-good-hoodies/",TRUE,TRUE
"10/07/20",7,"Signs-for-Good",FALSE,FALSE,18,"(10, 10, 10)","https://activategood.org/product/signs-for-good/",FALSE,FALSE
"10/07/20",8,"Brew Good, Do Good Coffee",FALSE,FALSE,18,"(10, 10, 10)","https://activategood.org/product/larrys-limited-edition-coffee-brew-good-blend/",FALSE,FALSE
"10/07/20",9,"Triangle Golf Tournament Event Volunteer",FALSE,TRUE,16,"(148, 45, 27)","https://activategood.org/opportunity/5348#tab-what",FALSE,FALSE
"10/07/20",10,"Aftercare Committee Volunteer",FALSE,TRUE,16,"(148, 45, 27)","https://activategood.org/opportunity/5347#tab-what",FALSE,FALSE
"10/07/20",11,"Warehouse Pantry Volunteer",FALSE,TRUE,16,"(148, 45, 27)","https://activategood.org/opportunity/5316#tab-what",FALSE,FALSE
"10/07/20",12,"Families And Schools Together",FALSE,TRUE,16,"(148, 45, 27)","https://activategood.org/fast",FALSE,FALSE
"10/07/20",13,"Operation Mask Up!",FALSE,TRUE,16,"(148, 45, 27)","https://activategood.org/operationmaskup",FALSE,FALSE
"10/07/20",14,"(DIY Project) Family Essentials Kits",FALSE,TRUE,16,"(148, 45, 27)","https://activategood.org/remote-volunteer-project-diy-family-essentials-kits/",FALSE,FALSE
"10/07/20",15,"all volunteer opportunities",FALSE,TRUE,18,"(233, 93, 20)","https://activategood.org/opportunity",FALSE,FALSE
"10/07/20",16,"also, your donation helps us make an impact!",FALSE,FALSE,20,"(255,255,255)","https://activategood.org/giving/",FALSE,FALSE
"10/07/20",18,"Lee@activategood.org",FALSE,TRUE,18,"(0, 109, 131)","mailto:Lee@activategood.org?subject=Newsletter%20Sponsor%20Inquiry",FALSE,FALSE
"10/07/20",19,"Activate Good",FALSE,TRUE,14,"(148, 45, 27)","https://activategood.org/",TRUE,TRUE
"10/14/20",2,"Town Hall",FALSE,FALSE,48,"(255, 255, 255)","https://us02web.zoom.us/meeting/register/tZMtc-qqrjwiGdy4leDC-9470f-PIeJAoMDL",TRUE,TRUE
"10/14/20",5,"Will you join",FALSE,TRUE,16,"(0,136,168)","https://activategood.org/giving/",TRUE,FALSE
"10/14/20",8,"Family Volunteer Day alerts form here",FALSE,TRUE,15,"(127,127,127)","https://docs.google.com/forms/d/e/1FAIpQLSfd5N7RV9Az0R5z95Djn_9DDzc8KZ66qwe73opYtGsNpiadJw/viewform?usp=sf_link",TRUE,TRUE
"10/14/20",9,"SHOP",FALSE,TRUE,48,"(255, 255, 255)","https://activategood.org/shop/",FALSE,FALSE
"10/14/20",10,"black hoodie",FALSE,TRUE,18,"(0, 136, 168)","https://activategood.org/product/signs-for-good-hoodies/",TRUE,TRUE
"10/14/20",11,"Signs-for-Good",FALSE,FALSE,18,"(0, 136, 168)","https://activategood.org/product/signs-for-good/",TRUE,TRUE
"10/14/20",12,"Brew Good, Do Good Coffee",FALSE,FALSE,18,"(0, 136, 168)","https://activategood.org/product/larrys-limited-edition-coffee-brew-good-blend/",TRUE,TRUE
"10/14/20",16,"Wrap Diapers",FALSE,TRUE,16,"(233, 93, 20)","https://activategood.org/opportunity/5313",FALSE,FALSE
"10/14/20",17,"The Diaper Bank of NC",FALSE,FALSE,16,"(57, 57, 57)","http://www.ncdiaperbank.org/",FALSE,FALSE
"10/14/20",18,"October 19: Deliver Family Essentials Kits",FALSE,TRUE,16,"(233, 93, 20)","https://activategood.org/opportunity/5315",FALSE,FALSE
"10/14/20",19,"FAST Initiative",FALSE,TRUE,16,"(233, 93, 20)","https://activategood.org/event/73",FALSE,FALSE
"10/14/20",20,"here",FALSE,TRUE,16,"(233, 93, 20)","https://activategood.org/opportunity",FALSE,FALSE
"10/14/20",21,"Support Our Work",FALSE,FALSE,16,"(255,255,255)","http://www.activategood.org/giving",FALSE,FALSE
"10/21/20",2,"Family Volunteer Day:",FALSE,FALSE,24,"(233, 93, 20)","https://activategood.org/familyvolunteerday2020/",TRUE,TRUE
"10/21/20",4,"Family Volunteer Day alerts form here",FALSE,TRUE,18,"(255, 151, 9)","https://docs.google.com/forms/d/e/1FAIpQLSfd5N7RV9Az0R5z95Djn_9DDzc8KZ66qwe73opYtGsNpiadJw/viewform",FALSE,FALSE
"10/21/20",5,"﻿Virtual Community Town Hall",FALSE,FALSE,24,"(0, 136, 168)","https://us02web.zoom.us/meeting/register/tZMtc-qqrjwiGdy4leDC-9470f-PIeJAoMDL",TRUE,TRUE
"10/21/20",8,"ALS Fundraising Event!",FALSE,TRUE,16,"(148, 45, 27)","https://activategood.org/opportunity/5368",FALSE,FALSE
"10/21/20",9,"Help with Administrative Work",FALSE,TRUE,16,"(148, 45, 27)","https://activategood.org/opportunity/5370",FALSE,FALSE
"10/21/20",10,"Single Women with Children",FALSE,FALSE,16,"(57, 57, 57)","https://www.singlewomenwithchildren.org/",FALSE,FALSE
"10/21/20",11,"Build trails on TRLC's newest nature preserve",FALSE,TRUE,16,"(148, 45, 27)","https://activategood.org/opportunity/5331",FALSE,FALSE
"10/21/20",12,"Tar River Land Conservancy (TRLC)",FALSE,FALSE,16,"(57, 57, 57)","http://www.tarriver.org/",FALSE,FALSE
"10/21/20",13,"here",FALSE,TRUE,18,"(148, 45, 27)","https://activategood.org/opportunity",FALSE,FALSE
"10/21/20",15,"Register HERE﻿",FALSE,TRUE,18,"(0,136,168)","https://www.bizjournals.com/triangle/event/166237/2020/2020-corporate-philanthropy-awards",TRUE,TRUE
"10/21/20",16,"Support Our Work",FALSE,FALSE,20,"(255,255,255)","https://activategood.org/donate",FALSE,FALSE
"10/21/20",17,"Activate Good",FALSE,FALSE,16,"(57, 57, 57)","https://activategood.org/",TRUE,TRUE
"10/28/20",2,"Family Volunteer Day",FALSE,TRUE,48,"(148, 45, 27)","https://activategood.org/familyvolunteerday2020/",TRUE,TRUE
"10/28/20",6,"VOTE!",FALSE,TRUE,48,"(0, 109, 131)","https://wral5.secondstreetapp.com/2020-WRAL-Voters-Choice-Awards/gallery/?group=357635",TRUE,FALSE
"10/28/20",9,"HERE",FALSE,TRUE,18,"(0, 109, 131)","https://wral5.secondstreetapp.com/2020-WRAL-Voters-Choice-Awards/gallery?group=357635",TRUE,TRUE
"10/28/20",10,"Activate Good Virtual Town Hall",FALSE,TRUE,18,"(0, 109, 131)","https://us02web.zoom.us/meeting/register/tZElc-usrzouHd1goUtPKYkEDgKaHQAXz45_",TRUE,TRUE
"10/28/20",13,"Hunger & Homelessness Awareness Week",FALSE,FALSE,36,"(148, 45, 27)","https://activategood.org/hunger-homelessness-week-2020/",TRUE,TRUE
"10/28/20",15,"annual program",FALSE,FALSE,18,"(57, 57, 57)","https://hhweek.org/",FALSE,FALSE
"10/28/20",17,"Thanksgiving",FALSE,TRUE,16,"(148, 45, 27)","https://activategood.org/opportunity/5355",TRUE,FALSE
"10/28/20",19,"Sort Goods for Good",FALSE,TRUE,16,"(148, 45, 27)","https://activategood.org/opportunity/5357",FALSE,FALSE
"10/28/20",20,"Raleigh Rescue Mission",FALSE,FALSE,16,"(233, 93, 20)","https://www.raleighrescue.org/ways-to-give/volunteer/",FALSE,FALSE
"10/28/20",21,"Raleigh",FALSE,FALSE,16,"(233, 93, 20)","https://activategood.org/opportunity/5334",FALSE,FALSE
"10/28/20",22,"Durham",FALSE,FALSE,16,"(233, 93, 20)","https://activategood.org/opportunity/5336",FALSE,FALSE
"10/28/20",23,"See all local volunteer opportunities",FALSE,FALSE,20,"(255,255,255)","https://activategood.org/opportunity",FALSE,FALSE
"10/28/20",24,"The Giving Block",FALSE,FALSE,16,"(57, 57, 57)","https://www.thegivingblock.com/contact",FALSE,FALSE
"10/28/20",26,"Lee@activategood.org",FALSE,FALSE,16,"(152, 154, 38)","mailto:Lee@activategood.org?subject=Newsletter%20Sponsor%20Inquiry",FALSE,FALSE
"10/28/20",27,"Support Our Work",FALSE,FALSE,20,"(255,255,255)","https://activategood.org/donate",FALSE,FALSE
"11/04/20",3,"HERE",FALSE,TRUE,18,"(148, 45, 27)","https://activategood.org/Hunger&HomelessnessWeek",FALSE,FALSE
"11/04/20",4,"our latest blog",FALSE,TRUE,18,"(148, 45, 27)","https://activategood.org/hunger-and-homelessness-in-the-triangle/",FALSE,FALSE
"11/04/20",5,"Family Volunteer Day:",FALSE,TRUE,24,"(233, 93, 20)","https://activategood.org/familyvolunteerday2020/",TRUE,TRUE
"11/04/20",6,"Lenovo",FALSE,FALSE,18,"(233,93,20)","https://www.lenovo.com/us/en/",FALSE,FALSE
"11/04/20",8,"Family Volunteer Day kit pick-up event here",FALSE,TRUE,18,"(255, 151, 9)","https://www.eventbrite.com/e/family-volunteer-day-2020-the-take-home-service-project-kit-edition-tickets-126454894995",FALSE,FALSE
"11/04/20",9,"Virtual Community Town Hall",FALSE,FALSE,32,"(0, 136, 168)","https://us02web.zoom.us/meeting/register/tZElc-usrzouHd1goUtPKYkEDgKaHQAXz45_",TRUE,TRUE
"11/04/20",12,"VOTE",FALSE,TRUE,18,"(0, 109, 131)","https://wral5.secondstreetapp.com/2020-WRAL-Voters-Choice-Awards/gallery/?group=357635",TRUE,TRUE
"11/04/20",16,"Create videos about academic concepts",FALSE,TRUE,16,"(148, 45, 27)","https://activategood.org/opportunity/5386",FALSE,FALSE
"11/04/20",17,"Volunteer Workdays at Horses for Hope",FALSE,TRUE,16,"(148,45,27)","https://activategood.org/opportunity/5373",FALSE,FALSE
"11/04/20",18,"Habitat ReStore help",FALSE,TRUE,16,"(148, 45, 27)","https://activategood.org/opportunity/3980",FALSE,FALSE
"11/04/20",19,"Chatham Habitat for Humanity ReStores",FALSE,FALSE,16,"(57, 57, 57)","http://chathamhabitat.org/",FALSE,FALSE
"11/04/20",20,"here",FALSE,TRUE,18,"(148, 45, 27)","https://activategood.org/opportunity",FALSE,FALSE
"11/04/20",21,"Support Our Work",FALSE,FALSE,20,"(255,255,255)","https://activategood.org/donate",FALSE,FALSE
"11/04/20",22,"Activate Good",FALSE,FALSE,16,"(57, 57, 57)","https://activategood.org/",TRUE,TRUE
"11/11/20",2,"Headshots for Good",FALSE,FALSE,32,"(148, 45, 27)","https://www.eventbrite.com/e/headshots-for-good-photo-sessions-benefitting-activate-good-tickets-127366072351",TRUE,TRUE
"11/11/20",5,"Austin Dowd",FALSE,FALSE,18,"(152, 154, 38)","https://www.austindowd.com/",FALSE,FALSE
"11/11/20",6,"here",FALSE,TRUE,18,"(152, 154, 38)","https://www.austindowd.com/proofing/example-proofing-gallery",FALSE,FALSE
"11/11/20",8,"Hunger & Homelessness",FALSE,FALSE,32,"(148, 45, 27)","https://activategood.org/hunger-homelessness-week-2020/",TRUE,TRUE
"11/11/20",11,"Conducting a supply drive and assembling Family Essentials Kits",FALSE,TRUE,18,"(231, 93, 38)","https://activategood.org/opportunity/5356",FALSE,FALSE
"11/11/20",12,"Raleigh",FALSE,TRUE,18,"(231, 93, 38)","https://activategood.org/opportunity/5334#tab-what",FALSE,FALSE
"11/11/20",13,"Durham",FALSE,TRUE,18,"(231, 93, 38)","https://activategood.org/opportunity/5336",FALSE,FALSE
"11/11/20",14,"Bagging food items for Thanksgiving",FALSE,TRUE,18,"(231, 93, 38)","https://activategood.org/opportunity/5355",FALSE,FALSE
"11/11/20",16,"here.",FALSE,TRUE,18,"(231, 93, 38)","https://activategood.org/hunger&homelessnessweek",FALSE,FALSE
"11/11/20",17,"Activate Good Virtual Town Hall",FALSE,TRUE,18,"(0, 109, 131)","https://us02web.zoom.us/meeting/register/tZMpcOCvqz8uGtD8WSjMdclJ4Yft0uMskH-p",TRUE,TRUE
"11/11/20",21,"VOTE!",FALSE,TRUE,24,"(0, 109, 131)","https://wral5.secondstreetapp.com/2020-WRAL-Voters-Choice-Awards/gallery/?group=357635",TRUE,FALSE
"11/11/20",24,"HERE",FALSE,TRUE,18,"(0, 109, 131)","https://wral5.secondstreetapp.com/2020-WRAL-Voters-Choice-Awards/gallery?group=357635",TRUE,TRUE
"11/11/20",26,"Lenovo",FALSE,FALSE,18,"(127,127,127)","https://www.lenovo.com/us/en/",FALSE,FALSE
"11/11/20",27,"Family Volunteer Day",FALSE,FALSE,18,"(127,127,127)","https://activategood.org/familyvolunteerday2020/",TRUE,TRUE
"11/11/20",29,"FAST Initiative",FALSE,TRUE,16,"(148, 45, 27)","https://activategood.org/fast",FALSE,FALSE
"11/11/20",30,"Be a Morning Greeter",FALSE,TRUE,16,"(148, 45, 27)","https://activategood.org/opportunity/5173",FALSE,FALSE
"11/11/20",31,"Internship Opportunity",FALSE,TRUE,16,"(148, 45, 27)","https://activategood.org/opportunity/5395",FALSE,FALSE
"11/11/20",32,"here",FALSE,TRUE,16,"(148, 45, 27)","https://activategood.org/opportunity/5374",FALSE,FALSE
"11/11/20",33,"See all local volunteer opportunities",FALSE,FALSE,20,"(255,255,255)","https://activategood.org/opportunity",FALSE,FALSE
"11/11/20",35,"Lee@activategood.org",FALSE,FALSE,16,"(152, 154, 38)","mailto:Lee@activategood.org?subject=Newsletter%20Sponsor%20Inquiry",FALSE,FALSE
"11/11/20",36,"Support Our Work",FALSE,FALSE,20,"(255,255,255)","https://activategood.org/donate",FALSE,FALSE
"11/18/20",3,"Activate MORE Good",FALSE,TRUE,18,"(152, 154, 38)","https://activategood.org/activatemoregood/",TRUE,FALSE
"11/18/20",4,"HERE",FALSE,TRUE,18,"(152, 154, 38)","https://activategoodvoices.gv-one.com/?gId=1817&rId=5177",FALSE,FALSE
"11/18/20",5,"HERE",FALSE,TRUE,18,"(152, 154, 38)","https://activategoodvoices.gv-one.com/?gId=1817&rId=5179",FALSE,FALSE
"11/18/20",6,"Hunger & Homelessness Awareness Week",FALSE,FALSE,15,"(148, 45, 27)","https://activategood.org/Hunger&HomelessnessWeek",TRUE,FALSE
"11/18/20",9,"annual program",FALSE,FALSE,18,"(57, 57, 57)","https://hhweek.org/",FALSE,FALSE
"11/18/20",10,"Virtual Community Town Hall",FALSE,FALSE,32,"(0, 136, 168)","https://us02web.zoom.us/meeting/register/tZMpcOCvqz8uGtD8WSjMdclJ4Yft0uMskH-p",TRUE,FALSE
"11/18/20",13,"Deliver meals to food-insecure families",FALSE,TRUE,16,"(148, 45, 27)","https://activategood.org/opportunity/5397",FALSE,FALSE
"11/18/20",14,"Build Nature Trails",FALSE,TRUE,16,"(148, 45, 27)","https://activategood.org/opportunity/5331",FALSE,FALSE
"11/18/20",15,"Tar River Land Conservancy",FALSE,FALSE,16,"(57, 57, 57)","http://www.tarriver.org/",FALSE,FALSE
"11/18/20",16,"Help prepare for Family Volunteer Day",FALSE,TRUE,16,"(148,45,27)","https://activategood.org/opportunity/5374",FALSE,FALSE
"11/18/20",17,"Holiday Volunteering: Pride for Parents and more!",FALSE,TRUE,18,"(148, 45, 27)","https://activategood.org/holidays2020",FALSE,FALSE
"11/18/20",18,"HERE",FALSE,TRUE,18,"(148, 45, 27)","https://activategood.org/opportunity/5400",FALSE,FALSE
"11/18/20",19,"here",FALSE,TRUE,18,"(148, 45, 27)","https://activategood.org/opportunity",FALSE,FALSE
"11/18/20",20,"VOTE",FALSE,TRUE,18,"(233, 93, 20)","https://wral5.secondstreetapp.com/2020-WRAL-Voters-Choice-Awards/gallery/?group=357635",TRUE,TRUE
"11/18/20",25,"Activate Good",FALSE,FALSE,16,"(57, 57, 57)","https://activategood.org/",TRUE,TRUE
"11/24/20",3,"Activate MORE Good",FALSE,TRUE,18,"(228, 104, 16)","https://activategood.org/activatemoregood/",TRUE,FALSE
"11/24/20",8,"Virtual Volunteer Expo",FALSE,TRUE,18,"(0, 109, 131)","https://us02web.zoom.us/meeting/register/tZwkc-GurzkuE9A5uqvM-zDsD6LXtVC78W9Z",TRUE,TRUE
"11/24/20",10,"Be a Holiday HERO",FALSE,TRUE,16,"(148, 45, 27)","https://activategood.org/opportunity/5411",FALSE,FALSE
"11/24/20",11,"NW Cary YMCA",FALSE,FALSE,16,"(57, 57, 57)","https://www.ymcatriangle.org/northwest-cary-ymca",FALSE,FALSE
"11/24/20",12,"Help Feed Hungry Kids",FALSE,TRUE,16,"(148, 45, 27)","https://activategood.org/opportunity/5398",FALSE,FALSE
"11/24/20",13,"Overflowing Hands",FALSE,FALSE,16,"(57, 57, 57)","https://www.overflowinghands.org/",FALSE,FALSE
"11/24/20",14,"Rocky Top Catering",FALSE,FALSE,16,"(57, 57, 57)","https://rockytopcatering.com/",FALSE,FALSE
"11/24/20",15,"Prepare Angel Tree Items for Distribution",FALSE,TRUE,16,"(148,45,27)","https://activategood.org/opportunity/5407",FALSE,FALSE
"11/24/20",16,"The Salvation Army",FALSE,FALSE,16,"(57, 57, 57)","http://wwww.wakearmy.org/",FALSE,FALSE
"11/24/20",17,"Holiday Volunteering: Pride for Parents and more!",FALSE,TRUE,18,"(148, 45, 27)","https://activategood.org/holidays2020",FALSE,FALSE
"11/24/20",18,"HERE",FALSE,TRUE,18,"(148, 45, 27)","https://activategood.org/prideforparents2020/",FALSE,FALSE
"11/24/20",19,"here",FALSE,TRUE,18,"(148, 45, 27)","https://activategood.org/opportunity",FALSE,FALSE
"11/24/20",21,"Activate Good",FALSE,FALSE,16,"(57, 57, 57)","https://activategood.org/",TRUE,TRUE
"12/02/20",2,"Join us",FALSE,TRUE,18,"(127,127,127)","https://us02web.zoom.us/meeting/register/tZwkc-GurzkuE9A5uqvM-zDsD6LXtVC78W9Z",TRUE,TRUE
"12/02/20",5,"Holiday Volunteer Opportunities",FALSE,FALSE,32,"(233, 93, 20)","https://activategood.org/holidays2020",FALSE,FALSE
"12/02/20",6,"Help Feed Hungry Kids",FALSE,TRUE,16,"(148, 45, 27)","https://activategood.org/opportunity/5398",FALSE,FALSE
"12/02/20",7,"Overflowing Hands",FALSE,FALSE,16,"(57, 57, 57)","https://www.overflowinghands.org/",FALSE,FALSE
"12/02/20",8,"Rocky Top Catering",FALSE,FALSE,16,"(57, 57, 57)","https://rockytopcatering.com/",FALSE,FALSE
"12/02/20",9,"REMOTE - Create Cards for Men in Shelters",FALSE,TRUE,16,"(148, 45, 27)","https://activategood.org/opportunity/5416",FALSE,FALSE
"12/02/20",10,"Deliver Food to Local Kids",FALSE,TRUE,16,"(148, 45, 27)","https://activategood.org/opportunity/5352",FALSE,FALSE
"12/02/20",11,"Pride For Parents",FALSE,TRUE,16,"(148, 45, 27)","https://activategood.org/prideforparents2020/",FALSE,FALSE
"12/02/20",12,"See all volunteer opportunities",FALSE,FALSE,20,"(255,255,255)","https://activategood.org/opportunity",FALSE,FALSE
"12/02/20",13,"Activate MORE Good",FALSE,TRUE,18,"(152, 154, 38)","https://activategood.org/activatemoregood/",TRUE,FALSE
"12/02/20",16,"Ready to Activate MORE Good?",FALSE,FALSE,16,"(255,255,255)","http://www.activategood.org/activatemoregood",FALSE,FALSE
"12/02/20",18,"Lee@activategood.org",FALSE,FALSE,16,"(0, 136, 168)","mailto:Lee@activategood.org?subject=Newsletter%20Sponsor%20Inquiry",FALSE,FALSE
"12/09/20",2,"Activate MORE Good",FALSE,FALSE,15,"(179, 183, 27)","https://activategood.org/activatemoregood/",TRUE,FALSE
"12/09/20",6,"power",FALSE,TRUE,18,"(179, 183, 27)","https://activategood.org/impacts/",FALSE,FALSE
"12/09/20",7,"Activate MORE Good!",FALSE,FALSE,20,"(255,255,255)","https://activategood.org/activatemoregood",FALSE,FALSE
"12/09/20",8,"Development Coordinator",FALSE,TRUE,16,"(152, 154, 38)","mailto:lee@activategood.org",FALSE,FALSE
"12/09/20",9,"download this form",FALSE,TRUE,16,"(152, 154, 38)","https://activategood.org/wp-content/uploads/2020/12/MAKING-A-GIFT-OF-STOCK-TO-Activate-Good.docx",FALSE,FALSE
"12/09/20",10,"Activate Good Virtual Town Hall",FALSE,TRUE,18,"(0, 109, 131)","https://ncsu.zoom.us/meeting/register/tJAudu2hpzIqHdNo9QQbCXbgq5JFkHqWArCh",TRUE,TRUE
"12/09/20",13,"Operation Mask Up!",FALSE,TRUE,16,"(148, 45, 27)","https://activategood.org/operationmaskup/",FALSE,FALSE
"12/09/20",14,"Be a Holiday Hero",FALSE,TRUE,16,"(148, 45, 27)","https://activategood.org/opportunity/5411",FALSE,FALSE
"12/09/20",15,"Sign up to help the YMCA",FALSE,FALSE,16,"(57, 57, 57)","https://linkprotect.cudasvc.com/url?a=https%3a%2f%2fismyrotaryclub.com%2fClick%2f%3f_uid%3d7710330%26_ctid%3d1741452%26redirect%3dhttps%3a%2f%2fwww.signupgenius.com%2fgo%2f10C0E48A9AE2DA4F49-christmas&c=E,1,r4fYDettRWx5TIExGIkStvkFSsbchrMgkJ1IqaDb4EJoBTForIR9v5PqwIpsPk6eEvn0qE-5-fTMai6vTCYpfhMMTu7wC9u1haHhDsfIwZ5cGsmm&typo=1",FALSE,FALSE
"12/09/20",16,"Provide Christmas Items to Over 7000 kids",FALSE,TRUE,16,"(148, 45, 27)","https://activategood.org/opportunity/5407",FALSE,FALSE
"12/09/20",17,"Salvation Army of Wake County",FALSE,FALSE,16,"(57, 57, 57)","http://wwww.wakearmy.org/",FALSE,FALSE
"12/09/20",19,"Holiday Volunteering",FALSE,TRUE,16,"(148, 45, 27)","https://activategood.org/holidays2020",TRUE,TRUE
"12/09/20",20,"See all local volunteer opportunities",FALSE,FALSE,20,"(255,255,255)","https://activategood.org/opportunity",FALSE,FALSE
"12/09/20",22,"Papa Murphy's",FALSE,TRUE,20,"(57, 57, 57)","https://www.papamurphys.com/",TRUE,TRUE
"12/09/20",24,"Gather Voices",FALSE,FALSE,13,"(127,127,127)","https://www.gathervoices.co/",TRUE,TRUE
"12/09/20",25,"John.Lane@DBAJTL.com",FALSE,FALSE,13,"(57, 57, 57)","mailto:John.Lane@DBAJTL.com",FALSE,FALSE
"12/16/20",3,"Activate MORE Good campaign",FALSE,TRUE,18,"(57, 57, 57)","https://activategood.org/activatemoregood/",FALSE,FALSE
"12/16/20",4,"one-time",FALSE,TRUE,18,"(57, 57, 57)","https://secure.lglforms.com/form_engine/s/M-VEDOANBwd-_X8_xLmpMg",TRUE,FALSE
"12/16/20",5,"recurring",FALSE,TRUE,18,"(57, 57, 57)","https://secure.lglforms.com/form_engine/s/C2gvxcRzNFeZDSat3WlAWg",FALSE,FALSE
"12/16/20",7,"Activate Good Virtual Town Hall",FALSE,TRUE,18,"(0, 109, 131)","https://ncsu.zoom.us/meeting/register/tJAudu2hpzIqHdNo9QQbCXbgq5JFkHqWArCh",TRUE,TRUE
"12/16/20",10,"Distribute Toys for the Holidays",FALSE,TRUE,16,"(148, 45, 27)","https://activategood.org/opportunity/5407",FALSE,FALSE
"12/16/20",11,"Salvation Army",FALSE,FALSE,16,"(57, 57, 57)","http://wwww.wakearmy.org/",FALSE,FALSE
"12/16/20",12,"Brighten Someone's Day",FALSE,TRUE,16,"(148, 45, 27)","https://activategood.org/opportunity/5416",FALSE,FALSE
"12/16/20",13,"Assemble Kits for Preschoolers",FALSE,TRUE,16,"(148, 45, 27)","https://activategood.org/opportunity/5430",FALSE,FALSE
"12/16/20",14,"Marbles",FALSE,FALSE,16,"(57, 57, 57)","http://www.marbleskidsmuseum.org/",FALSE,FALSE
"12/16/20",15,"See all local volunteer opportunities",FALSE,FALSE,20,"(255,255,255)","https://activategood.org/opportunity",FALSE,FALSE
"12/16/20",16,"Headshots for Good",FALSE,FALSE,32,"(0, 109, 131)","https://www.eventbrite.com/e/headshots-for-good-photo-sessions-benefitting-activate-good-tickets-127366072351",TRUE,TRUE
"12/16/20",19,"Austin Dowd",FALSE,FALSE,18,"(0, 109, 131)","https://www.austindowd.com/",FALSE,FALSE
"12/16/20",20,"here",FALSE,TRUE,18,"(0, 109, 131)","https://www.austindowd.com/proofing/example-proofing-gallery",FALSE,FALSE
"12/16/20",23,"Gather Voices",FALSE,FALSE,13,"(127,127,127)","https://www.gathervoices.co/",FALSE,FALSE
"12/16/20",24,"John.Lane@DBAJTL.com",FALSE,FALSE,13,"(57, 57, 57)","mailto:John.Lane@DBAJTL.com",FALSE,FALSE
"12/21/20",3,"Activate MORE Good",FALSE,FALSE,15,"(0, 136, 168)","https://activategood.org/activatemoregood/",TRUE,FALSE
"12/21/20",4,"one-time",FALSE,TRUE,16,"(57, 57, 57)","https://secure.lglforms.com/form_engine/s/M-VEDOANBwd-_X8_xLmpMg",FALSE,FALSE
"12/21/20",5,"recurring",FALSE,TRUE,16,"(57, 57, 57)","https://secure.lglforms.com/form_engine/s/C2gvxcRzNFeZDSat3WlAWg",FALSE,FALSE
"12/21/20",8,"Donate to our Activate MORE Good campaign",FALSE,FALSE,20,"(255,255,255)","https://activategood.org/activatemoregood",FALSE,FALSE
"12/21/20",9,"Development Coordinator",FALSE,TRUE,16,"(152, 154, 38)","mailto:lee@activategood.org",FALSE,FALSE
"12/21/20",10,"Activate Good Virtual Town Hall",FALSE,TRUE,18,"(0, 109, 131)","https://ncsu.zoom.us/meeting/register/tJAudu2hpzIqHdNo9QQbCXbgq5JFkHqWArCh",TRUE,TRUE
"12/21/20",13,"Operation Mask Up",FALSE,TRUE,32,"(148, 45, 27)","https://activategood.org/opportunity/5333",TRUE,TRUE
"12/21/20",17,"Operation Bare Necessities",FALSE,TRUE,32,"(148, 45, 27)","https://activategood.org/operation-bare-necessities/",TRUE,TRUE
"12/21/20",19,"Sign up to volunteer",FALSE,TRUE,18,"(148, 45, 27)","https://activategood.org/opportunity/5440",FALSE,FALSE
"12/21/20",20,"See all local volunteer opportunities",FALSE,FALSE,20,"(255,255,255)","https://activategood.org/opportunity",FALSE,FALSE
"12/21/20",22,"Gather Voices",FALSE,FALSE,13,"(127,127,127)","https://www.gathervoices.co/",TRUE,TRUE
"12/21/20",23,"John.Lane@DBAJTL.com",FALSE,FALSE,13,"(57, 57, 57)","mailto:John.Lane@DBAJTL.com",FALSE,FALSE
"12/29/20",3,"Activate MORE Good",FALSE,TRUE,18,"(127,127,127)","https://activategood.org/activatemoregood/",FALSE,FALSE
"12/29/20",4,"one-time",FALSE,TRUE,18,"(127,127,127)","https://secure.lglforms.com/form_engine/s/M-VEDOANBwd-_X8_xLmpMg",FALSE,FALSE
"12/29/20",5,"recurring",FALSE,TRUE,18,"(127,127,127)","https://secure.lglforms.com/form_engine/s/C2gvxcRzNFeZDSat3WlAWg",FALSE,FALSE
"12/29/20",6,"like these",FALSE,FALSE,18,"(127,127,127)","https://activategood.org/past-impact-campaigns",FALSE,FALSE
"12/29/20",7,"Activate MORE Good!",FALSE,FALSE,20,"(255,255,255)","https://activategood.org/activatemoregood",FALSE,FALSE
"12/29/20",8,"Teens + Parents: Help Package Hygiene Supplies for Dignity Week",FALSE,TRUE,16,"(233, 93, 20)","https://activategood.org/opportunity/5446",FALSE,FALSE
"12/29/20",9,"Fight Hunger at the Food Bank",FALSE,TRUE,16,"(233, 93, 20)","https://activategood.org/opportunity/5406",FALSE,FALSE
"12/29/20",10,"Delivery Drivers, Baggers, and More",FALSE,TRUE,16,"(233, 93, 20)","https://activategood.org/opportunity/5422",TRUE,FALSE
"12/29/20",11,"TABLE",FALSE,FALSE,16,"(57, 57, 57)","https://activategood.org/nonprofit/658",FALSE,FALSE
"12/29/20",13,"Browse all Volunteer Needs",FALSE,FALSE,16,"(255,255,255)","https://activategood.org/opportunity",FALSE,FALSE
"12/29/20",14,"Headshots for Good",FALSE,FALSE,24,"(57, 57, 57)","https://www.eventbrite.com/e/headshots-for-good-photo-sessions-benefitting-activate-good-tickets-127366072351",TRUE,TRUE
"12/29/20",18,"Volunteer Expo",FALSE,FALSE,24,"(148, 45, 27)","https://us02web.zoom.us/meeting/register/tZIqd-qhqzsrG9B0To33AT4_MehowoyWFCky",TRUE,FALSE
"12/29/20",22,"Activate Good Virtual Town Hall",FALSE,TRUE,18,"(0, 109, 131)","https://ncsu.zoom.us/meeting/register/tJAudu2hpzIqHdNo9QQbCXbgq5JFkHqWArCh",TRUE,TRUE
"12/29/20",26,"Gather Voices",FALSE,FALSE,13,"(127,127,127)","https://www.gathervoices.co/",TRUE,TRUE
"12/29/20",27,"John.Lane@DBAJTL.com",FALSE,FALSE,13,"(57, 57, 57)","mailto:John.Lane@DBAJTL.com",FALSE,FALSE
