link_num,string,doc_prop,link,date
3,This National Volunteer Week April 713,0.057803468208092484,https://activategood.org/nvw2019,04/03/19
4,View Current Volunteer Needs Sign Up,0.08670520231213873,https://activategood.org/nvw2019,04/03/19
8,The Teens Change World Summer Program,0.1676300578034682,https://activategood.org/teenschangetheworld2019/,04/03/19
9,Learn More Register Here,0.20809248554913296,https://activategood.org/teenschangetheworld2019/,04/03/19
10,Also Help Teens Change World Donate,0.21965317919075145,https://activategood.org/teenschangetheworld2019/support/,04/03/19
11,Art Education Teaching Assistant,0.28901734104046245,https://activategood.org/opportunity/614#tab-what,04/03/19
12,Fundraising Events Coordination,0.3236994219653179,https://activategood.org/opportunity/4447#tab-what,04/03/19
13,Join Freedom United Board,0.3583815028901734,https://activategood.org/opportunity/4273#tab-what,04/03/19
14,Kitten Schmoozing The Goathouse Refuge,0.42196531791907516,https://activategood.org/opportunity/4505#tab-what,04/03/19
15,Front Desk Greeter,0.4624277456647399,https://activategood.org/opportunity/2544#tab-what,04/03/19
16,Garden Days Alliance Medical Ministry,0.5028901734104047,https://activategood.org/nonprofit/262,04/03/19
17,Beautify Durham School,0.5664739884393064,https://activategood.org/opportunity/4445#tab-what,04/03/19
18,Volunteer Triangle Walk End ALS,0.6069364161849711,https://activategood.org/opportunity/3106#tab-what,04/03/19
19,Sound Alarm,0.6473988439306358,https://activategood.org/opportunity/4508,04/03/19
20,Full Post Here,0.7225433526011561,https://activategood.org/spreading-good-junior-youth-group-of-tryon-pines/,04/03/19
21,Full Post Here,0.7687861271676301,https://activategood.org/improve-your-health-by-volunteering/,04/03/19
22,Activate Good,0.7803468208092486,https://activategood.org/,04/03/19
23,Support,0.815028901734104,https://activategood.org/donate,04/03/19
2,SmART Summer Supply Drive,0.035398230088495575,https://activategood.org/smart/,06/10/20
3,Check Wish List Drop,0.10619469026548672,https://activategood.org/wp-content/uploads/2020/05/SmARTSummerSupplyDrive-WishListFINAL.pdf,06/10/20
4,Or Amazon Wish List,0.1415929203539823,https://www.amazon.com/hz/wishlist/ls/H6EEWIVCSYZ3/ref=hz_ls_biz_ex,06/10/20
5,Help Spread Word Share Amazon Wish List,0.168141592920354,https://www.amazon.com/gp/registry/wishlist/H6EEWIVCSYZ3/ref=cm_wl_huc_view,06/10/20
6,Supply Wish List,0.17699115044247787,https://activategood.org/wp-content/uploads/2020/05/SmARTSummerSupplyDrive-WishListFINAL.pdf,06/10/20
8,Research Triangle Cause Wiki,0.23008849557522124,https://activategood.org/trianglecausewiki/,06/10/20
9,Spanish Medical Translation,0.26548672566371684,https://activategood.org/opportunity/2327,06/10/20
10,Pack Sort Donations Food Bank,0.30973451327433627,https://activategood.org/opportunity/5163,06/10/20
11,RSVP Zoom,0.4690265486725664,https://us02web.zoom.us/meeting/register/tZ0rf-6upzssGtKgVMkznkdR1nZKg9aa9DVN,06/10/20
12,Read,0.6017699115044248,https://activategood.org/black-led-triangle-nonprofits/,06/10/20
14,Groups Companies Complete,0.7256637168141593,https://docs.google.com/forms/d/e/1FAIpQLSdt7CbAHESSoCWm_j3eKBO7KfJGKDNXcpqBNRoPawh9P8GH9Q/viewform?usp=sf_link,06/10/20
16,Donate Support PeoplePowered Projects Good,0.7787610619469026,https://activategood.org/donate,06/10/20
3,Martin Luther King Jr,0.07042253521126761,https://activategood.org/mlkday2020,01/03/20
4,Day Service 2020,0.08450704225352113,https://activategood.org/mlkday2020,01/03/20
5,Check,0.11971830985915492,https://activategood.org/MLKday2020,01/03/20
7,Introducing Kindness Cards,0.14788732394366197,https://activategood.org/kindness-cards/,01/03/20
8,Support Kindness,0.1619718309859155,https://secure.lglforms.com/form_engine/s/RaaHgiLa83lgC03MgNOvGQ,01/03/20
9,Card For 25 January 3 January 30,0.16901408450704225,https://secure.lglforms.com/form_engine/s/RaaHgiLa83lgC03MgNOvGQ,01/03/20
10,See,0.19718309859154928,https://activategood.org/kindness-cards/,01/03/20
11,Festival Merchandiser,0.2676056338028169,https://activategood.org/opportunity/4932#tab-details,01/03/20
12,Housing Advisor,0.31690140845070425,https://activategood.org/opportunity/4823#tab-what,01/03/20
13,Volunteer Bookkeeping,0.3591549295774648,https://activategood.org/opportunity/4980#tab-what,01/03/20
14,Power Hour Volunteers,0.4295774647887324,https://activategood.org/opportunity/4868#tab-what,01/03/20
15,Event Planning Committee,0.47183098591549294,https://activategood.org/opportunity/4848#tab-what,01/03/20
16,Special Olympics Intern,0.5211267605633803,https://activategood.org/opportunity/4948#tab-what,01/03/20
17,Trail Building,0.5985915492957746,https://activategood.org/opportunity/4974#tab-what,01/03/20
18,Adoption Event Assistance,0.6408450704225352,https://activategood.org/opportunity/4981#tab-what,01/03/20
19,Garden Days,0.6901408450704225,https://activategood.org/opportunity/4839#tab-what,01/03/20
20,View,0.7323943661971831,https://activategood.org/opportunity,01/03/20
21,Activate Good,0.7464788732394366,https://activategood.org/,01/03/20
22,Support,0.7816901408450704,https://activategood.org/donate,01/03/20
2,Family Volunteer Day,0.029197080291970802,https://activategood.org/familyvolunteerday2020/,10/28/20
4,Learn,0.11678832116788321,https://activategood.org/familyvolunteerday2020/,10/28/20
5,Learn More Family Volunteer Day 2020,0.1386861313868613,https://activategood.org/familyvolunteerday2020/,10/28/20
6,VOTE,0.15328467153284672,https://wral5.secondstreetapp.com/2020-WRAL-Voters-Choice-Awards/gallery/?group=357635,10/28/20
7,Activate Good Best Volunteer Organization,0.18248175182481752,https://wral5.secondstreetapp.com/2020-WRAL-Voters-Choice-Awards/gallery/?group=357635,10/28/20
9,1 Click HERE,0.23357664233576642,https://wral5.secondstreetapp.com/2020-WRAL-Voters-Choice-Awards/gallery?group=357635,10/28/20
10,The Activate Good Virtual Town Hall November 4 2020,0.29927007299270075,https://us02web.zoom.us/meeting/register/tZElc-usrzouHd1goUtPKYkEDgKaHQAXz45_,10/28/20
12,RSVP Community Town Hall November 4,0.34306569343065696,https://us02web.zoom.us/meeting/register/tZElc-usrzouHd1goUtPKYkEDgKaHQAXz45_,10/28/20
13,Hunger Homelessness Awareness Week,0.35766423357664234,https://activategood.org/hunger-homelessness-week-2020/,10/28/20
15,Hunger Homelessness Awareness Week November 1522,0.38686131386861317,https://hhweek.org/,10/28/20
16,Join,0.4233576642335766,https://activategood.org/hunger-homelessness-week-2020/,10/28/20
17,Thanksgiving,0.45255474452554745,https://activategood.org/opportunity/5355,10/28/20
18,Bag,0.46715328467153283,https://activategood.org/opportunity/5355,10/28/20
19,Sort Goods Good,0.49635036496350365,https://activategood.org/opportunity/5357,10/28/20
20,Assist Raleigh,0.5109489051094891,https://www.raleighrescue.org/ways-to-give/volunteer/,10/28/20
21,Join Activate Good Raleigh Durham Food Bank,0.5474452554744526,https://activategood.org/opportunity/5334,10/28/20
23,See,0.5620437956204379,https://activategood.org/opportunity,10/28/20
24,Learn The Giving Block,0.635036496350365,https://www.thegivingblock.com/contact,10/28/20
26,﻿Email Lee,0.6934306569343066,mailto:Lee@activategood.org?subject=Newsletter Sponsor Inquiry,10/28/20
27,Support Our Work,0.7153284671532847,https://activategood.org/donate,10/28/20
5,The Teens Change World Summer Program,0.09195402298850575,https://activategood.org/teenschangetheworld2019/,05/01/19
6,Learn More Register Here,0.14367816091954022,https://activategood.org/teenschangetheworld2019/,05/01/19
7,Also Help Teens Change World Donate,0.15517241379310345,https://activategood.org/teenschangetheworld2019/support/,05/01/19
9,Learn More Participate Here,0.2413793103448276,https://activategood.org/cookbook/,05/01/19
10,Event Photography,0.2988505747126437,https://activategood.org/opportunity/4529#tab-what,05/01/19
11,Fundraising Events Coordination,0.3390804597701149,https://activategood.org/opportunity/4447#tab-what,05/01/19
12,Registered Dietition Nutritionist,0.3735632183908046,https://activategood.org/opportunity/4530#tab-shifts,05/01/19
13,Therapeutic Horsebackriding,0.43103448275862066,https://activategood.org/opportunity/4331#tab-shifts,05/01/19
14,Garden Days Alliance Medical Ministry,0.47126436781609193,https://activategood.org/nonprofit/262,05/01/19
15,Building Community,0.5114942528735632,https://activategood.org/opportunity/4532#tab-what,05/01/19
16,Artsplosure 2019,0.5747126436781609,https://activategood.org/opportunity/4533#tab-what,05/01/19
17,May Fourth Be With You,0.6091954022988506,https://activategood.org/opportunity/4539#tab-what,05/01/19
18,Groceries Seniors,0.6494252873563219,https://activategood.org/opportunity/4544#tab-what,05/01/19
19,Full Post Here,0.7241379310344828,https://activategood.org/and-the-rest-was-history-a-volunteer-story/,05/01/19
20,Full Post Here,0.7758620689655172,https://activategood.org/passion-for-education-volunteer-story/,05/01/19
21,Activate Good,0.7873563218390804,https://activategood.org/,05/01/19
22,Support,0.8218390804597702,https://activategood.org/donate,05/01/19
2,﻿Complete,0.08823529411764706,https://docs.google.com/forms/d/e/1FAIpQLSdt7CbAHESSoCWm_j3eKBO7KfJGKDNXcpqBNRoPawh9P8GH9Q/viewform?usp=sf_link,06/24/20
4,Support Our Efforts,0.17647058823529413,https://activategood.org/donate,06/24/20
5,June 27 Build Stage,0.23529411764705882,https://activategood.org/opportunity/5186,06/24/20
6,Help CORRAL Riding Academy,0.2647058823529412,https://corralriding.org/,06/24/20
7,June 2627 Help Dress Success Shoppers,0.3088235294117647,https://activategood.org/opportunity/5179,06/24/20
8,June 27 Paint Rocks Victory Garden,0.38235294117647056,https://activategood.org/opportunity/5192,06/24/20
9,Wildwoods Community Farm Victory Garden,0.4117647058823529,http://wildwoodsfarmnc.com/,06/24/20
10,﻿Wednesday July 1 530pm ﻿,0.5147058823529411,https://us02web.zoom.us/meeting/register/tZMld-yuqj0pGtKZI0gFaxYxxohQfK9LWcMQ,06/24/20
12,RSVP,0.6323529411764706,https://us02web.zoom.us/meeting/register/tZMld-yuqj0pGtKZI0gFaxYxxohQfK9LWcMQ,06/24/20
2,Part 2 Activate Good 45000,0.040983606557377046,https://activategood.org/,09/23/20
6,Families And Schools Together,0.1557377049180328,https://activategood.org/FAST,09/23/20
7,Learn,0.2459016393442623,https://activategood.org/fast,09/23/20
8,﻿If HERE,0.29508196721311475,https://youtu.be/OLWmf0eacOM,09/23/20
9,Our United We Help Virtual 911 Commemoration,0.3114754098360656,https://www.youtube.com/watch?v=OLWmf0eacOM&t=1s&ab_channel=ActivateGood,09/23/20
10,Attended Events,0.319672131147541,https://attendedevents.com/,09/23/20
11,Learn,0.3360655737704918,https://attendedevents.com/,09/23/20
13,Support Our Efforts,0.38524590163934425,https://activategood.org/donate,09/23/20
14,Only 1 United We Help Month,0.4016393442622951,http://www.activategood.org/united,09/23/20
17,Help Sort Stock Distribute,0.4672131147540984,https://activategood.org/opportunity/5169,09/23/20
18,Western Wake Crisis Ministry,0.48360655737704916,http://www.wwcm.org/,09/23/20
19,Virtual Give BOOST,0.5081967213114754,https://activategood.org/opportunity/5233,09/23/20
20,DIY Create Family Essentials Kits,0.5491803278688525,https://activategood.org/remote-volunteer-project-diy-family-essentials-kits/,09/23/20
21,Collect,0.5655737704918032,https://activategood.org/remote-volunteer-project-diy-family-essentials-kits/,09/23/20
25,View United We Help Volunteer Opportunities HERE,0.6639344262295082,https://activategood.org/unitedwehelp2020,09/23/20
26,See Community Partners,0.680327868852459,https://activategood.org/opportunity,09/23/20
27,That’ Activate Good,0.7049180327868853,https://activategood.org/,09/23/20
4,Grant Writer Researcher,0.17355371900826447,https://activategood.org/opportunity/4291#tab-what,01/02/19
5,Basketball Tennis Instructors,0.23140495867768596,https://activategood.org/opportunity/4249,01/02/19
6,Use Legal Knowledge Good,0.2892561983471074,https://activategood.org/opportunity/4054#tab-what,01/02/19
7,Miracle League Triangle,0.38016528925619836,https://activategood.org/opportunity/4313#tab-what,01/02/19
8,NC Therapeutic Riding Center,0.4380165289256198,https://activategood.org/opportunity/4315#tab-what,01/02/19
9,Free Food Fridays Salvation Army,0.49586776859504134,https://activategood.org/opportunity/3963#tab-what,01/02/19
10,First Friday Fun ArtSpace,0.5867768595041323,https://activategood.org/opportunity/3985#tab-what,01/02/19
11,Distribute Warmth Wake,0.6446280991735537,https://activategood.org/opportunity/432#tab-what,01/02/19
12,Deliver Grocery Bags Seniors Durham,0.7024793388429752,https://activategood.org/opportunity/4304#tab-what,01/02/19
13,Activate Good,0.7603305785123967,https://activategood.org/,01/02/19
14,Support,0.8099173553719008,https://activategood.org/donate,01/02/19
2,5 10 20,0.08080808080808081,http://www.activategood.org/giving,09/16/20
3,﻿Here We If,0.12121212121212122,https://activategood.org/giving/,09/16/20
4,We 79 Will,0.16161616161616163,https://activategood.org/giving/,09/16/20
5,Be 100,0.21212121212121213,https://activategood.org/giving/,09/16/20
6,Learn,0.31313131313131315,https://activategood.org/youth-giving-and-philanthropy/,09/16/20
7,When,0.3333333333333333,http://www.activategood.org/giving,09/16/20
8,Youth Giving Program,0.3838383838383838,https://www.youtube.com/watch?v=5keqQTWf09M&feature=youtu.be,09/16/20
10,Virtual Make Video Your Career Workplace,0.46464646464646464,https://activategood.org/opportunity/5215,09/16/20
11,September 20 Pepper Fest,0.5151515151515151,https://activategood.org/opportunity/5053,09/16/20
12,Safe InPerson Family,0.5555555555555556,https://activategood.org/opportunity/5247,09/16/20
13,See United We Help,0.6060606060606061,https://activategood.org/unitedwehelp2020,09/16/20
14,Join United We Help Virtual Learning Session Education,0.6262626262626263,https://us02web.zoom.us/meeting/register/tZUrduChrDgpHNFptu4DUk7YKGqbP34kGSHP,09/16/20
15,916 Homelessness 924 Unemployment 928,0.6363636363636364,https://us02web.zoom.us/meeting/register/tZcrceCrqT0oEtdrp-JVpTFm3Q6OlB_PkkS0,09/16/20
17,See ALL Triangle,0.6565656565656566,https://activategood.org/opportunity,09/16/20
18,See All United We Help Initiatives Here,0.6767676767676768,https://activategood.org/united/,09/16/20
19,That’ Activate Good,0.7070707070707071,https://activategood.org/,09/16/20
3,October 7 530pm Register HERE,0.11538461538461539,https://us02web.zoom.us/meeting/register/tZ0sduuhqTkuHtf5rv8Jy7B82A_ZJa_RZT6Q,10/07/20
5,Our BACK,0.15384615384615385,https://activategood.org/product/signs-for-good-hoodies/,10/07/20
6,Winter “Signs Good”,0.18269230769230768,https://activategood.org/product/signs-for-good-hoodies/,10/07/20
7,While SignsGood,0.23076923076923078,https://activategood.org/product/signs-for-good/,10/07/20
8,October 19 Brew Good Do Good Coffee,0.2403846153846154,https://activategood.org/product/larrys-limited-edition-coffee-brew-good-blend/,10/07/20
9,Triangle Golf Tournament Event Volunteer,0.27884615384615385,https://activategood.org/opportunity/5348#tab-what,10/07/20
10,Aftercare Committee Volunteer,0.3269230769230769,https://activategood.org/opportunity/5347#tab-what,10/07/20
11,Warehouse Pantry Volunteer,0.375,https://activategood.org/opportunity/5316#tab-what,10/07/20
12,Families And Schools Together,0.4230769230769231,https://activategood.org/fast,10/07/20
13,Operation Mask Up,0.4807692307692308,https://activategood.org/operationmaskup,10/07/20
14,DIY Project Family Essentials Kits,0.5288461538461539,https://activategood.org/remote-volunteer-project-diy-family-essentials-kits/,10/07/20
15,See,0.5769230769230769,https://activategood.org/opportunity,10/07/20
18,Email Lee,0.6923076923076923,mailto:Lee@activategood.org?subject=Newsletter Sponsor Inquiry,10/07/20
19,That’ Activate Good,0.7211538461538461,https://activategood.org/,10/07/20
6,Virtual Learning Series,0.11666666666666667,https://activategood.org/united,08/19/20
7,Join United We,0.13333333333333333,https://activategood.org/united,08/19/20
14,United We Help Month Virtual Service Sponsor Wells Fargo,0.30833333333333335,https://www.wellsfargo.com/,08/19/20
15,Virtual 911 Commemoration Sponsor Genworth Mortgage Insurance,0.325,https://new.mortgageinsurance.genworth.com/,08/19/20
16,Thank You HZO WRAL Attended Events,0.3416666666666667,https://www.hzo.com/,08/19/20
20,For Operation Access Part 2 40000,0.425,http://www.activategood.org/operationaccesspart2,08/19/20
21,See HERE,0.475,https://www.eventbrite.com/e/activate-good-wcpss-call-for-volunteers-operation-access-5-locations-tickets-115895078299,08/19/20
22,Food Pantry Distribution Set,0.525,https://activategood.org/opportunity/5251,08/19/20
23,Movers,0.575,https://activategood.org/opportunity/5253,08/19/20
24,Help Women Center,0.5916666666666667,http://www.wcwc.org/,08/19/20
25,Social Media Volunteer,0.6083333333333333,https://activategood.org/opportunity/5260#tab-what,08/19/20
26,See Community Partners,0.6416666666666667,https://activategood.org/opportunity,08/19/20
27,That’ Activate Good,0.6666666666666666,https://activategood.org/,08/19/20
28,Donate NOW,0.6916666666666667,https://activategood.org/donate,08/19/20
3,Choose 100,0.07913669064748201,https://activategood.org/911day2019,08/05/19
4,In Marbles Kids Museum,0.10071942446043165,https://911eveningcommemoration2019.eventbrite.com/,08/05/19
5,View 911 Day Service Volunteer Projects Sign Up,0.1223021582733813,https://activategood.org/911day2019,08/05/19
6,Pre 911 Day Service 2019 August 21,0.1366906474820144,https://activategood.org/product/9-11-day-of-service-2019-t-shirt/,08/05/19
7,PreOrder 911 Day Service Shirt,0.15827338129496402,https://activategood.org/product/9-11-day-of-service-2019-t-shirt/,08/05/19
9,Host Family,0.2733812949640288,https://activategood.org/opportunity/4502#tab-what,08/05/19
10,Teaching Assistant,0.31654676258992803,https://activategood.org/opportunity/614#tab-what,08/05/19
11,Childcare Volunteer,0.3597122302158273,https://activategood.org/opportunity/4756#tab-what,08/05/19
12,Women Center Wake County,0.43884892086330934,https://activategood.org/opportunity/4631#tab-what,08/05/19
13,Monthly Adoption Event,0.48201438848920863,https://activategood.org/opportunity/4563#tab-what,08/05/19
14,Gardening Wildwoods,0.5251798561151079,https://activategood.org/opportunity/3884#tab-what,08/05/19
15,Family Fun Night,0.5971223021582733,https://activategood.org/opportunity/4741#tab-what,08/05/19
16,August Orientation,0.6402877697841727,https://activategood.org/opportunity/4603#tab-what,08/05/19
17,Survey Interceptor,0.6906474820143885,https://activategood.org/opportunity/4748,08/05/19
18,View,0.7410071942446043,https://activategood.org/opportunity,08/05/19
19,Activate Good,0.7553956834532374,https://activategood.org/,08/05/19
20,Support,0.7913669064748201,https://activategood.org/donate,08/05/19
2,Activate MORE Good,0.014184397163120567,https://activategood.org/activatemoregood/,12/09/20
3,Visit December,0.07092198581560284,https://activategood.org/activatemoregood/,12/09/20
4,Meka,0.10638297872340426,https://youtu.be/Rv9vdG1XFoQ,12/09/20
5,Kevin,0.12056737588652482,https://youtu.be/_gDFl4vabqs,12/09/20
6,When Activate Good,0.1347517730496454,https://activategood.org/impacts/,12/09/20
7,Activate MORE Good,0.19148936170212766,https://activategood.org/activatemoregood,12/09/20
8,In Development,0.28368794326241137,mailto:lee@activategood.org,12/09/20
10,The LAST Activate Good Virtual Town Hall 2020 December 30,0.3120567375886525,https://ncsu.zoom.us/meeting/register/tJAudu2hpzIqHdNo9QQbCXbgq5JFkHqWArCh,12/09/20
12,RSVP Town Hall December 30,0.3475177304964539,https://ncsu.zoom.us/meeting/register/tJAudu2hpzIqHdNo9QQbCXbgq5JFkHqWArCh,12/09/20
13,Operation Mask Up,0.375886524822695,https://activategood.org/operationmaskup/,12/09/20
14,Be Holiday Hero,0.41843971631205673,https://activategood.org/opportunity/5411,12/09/20
15,Where We Christmas Sign,0.4326241134751773,"https://linkprotect.cudasvc.com/url?a=https://ismyrotaryclub.com/Click/?_uid=7710330&_ctid=1741452&redirect=https://www.signupgenius.com/go/10C0E48A9AE2DA4F49-christmas&c=E,1,r4fYDettRWx5TIExGIkStvkFSsbchrMgkJ1IqaDb4EJoBTForIR9v5PqwIpsPk6eEvn0qE-5-fTMai6vTCYpfhMMTu7wC9u1haHhDsfIwZ5cGsmm&typo=1",12/09/20
16,Provide Christmas Items Over 7000,0.45390070921985815,https://activategood.org/opportunity/5407,12/09/20
17,Salvation Army Wake County Angel Tree Items,0.475177304964539,http://wwww.wakearmy.org/,12/09/20
19,Holiday Volunteering,0.5106382978723404,https://activategood.org/holidays2020,12/09/20
20,See,0.5673758865248227,https://activategood.org/opportunity,12/09/20
22,Monday December 14 Spirit Night Wake County Papa Murphy,0.5957446808510638,https://www.papamurphys.com/,12/09/20
24,At Gather Voices,0.6808510638297872,https://www.gathervoices.co/,12/09/20
25,Raleigh JohnLaneDBAJTL,0.7375886524822695,mailto:John.Lane@DBAJTL.com,12/09/20
3,HERE,0.125,https://activategood.org/Hunger&HomelessnessWeek,11/04/20
4,And Hunger Homelessness,0.14166666666666666,https://activategood.org/hunger-and-homelessness-in-the-triangle/,11/04/20
5,Saturday November 21 Family Volunteer Day,0.16666666666666666,https://activategood.org/familyvolunteerday2020/,11/04/20
6,Presented Lenovo,0.2,https://www.lenovo.com/us/en/,11/04/20
8,Register Family Volunteer Day,0.3,https://www.eventbrite.com/e/family-volunteer-day-2020-the-take-home-service-project-kit-edition-tickets-126454894995,11/04/20
9,Virtual Community Town Hall,0.3333333333333333,https://us02web.zoom.us/meeting/register/tZElc-usrzouHd1goUtPKYkEDgKaHQAXz45_,11/04/20
11,Register HERE,0.4166666666666667,https://us02web.zoom.us/meeting/register/tZElc-usrzouHd1goUtPKYkEDgKaHQAXz45_,11/04/20
12,VOTE Activate Good Best Volunteer Organization,0.43333333333333335,https://wral5.secondstreetapp.com/2020-WRAL-Voters-Choice-Awards/gallery/?group=357635,11/04/20
15,1 Click HERE,0.49166666666666664,https://wral5.secondstreetapp.com/2020-WRAL-Voters-Choice-Awards/gallery/?group=357635,11/04/20
16,Create,0.5666666666666667,https://activategood.org/opportunity/5386,11/04/20
17,Volunteer Workdays Horses Hope,0.6,https://activategood.org/opportunity/5373,11/04/20
18,Habitat ReStore,0.6416666666666667,https://activategood.org/opportunity/3980,11/04/20
19,Now Chatham Habitat Humanity,0.6583333333333333,http://chathamhabitat.org/,11/04/20
20,See ALL Triangle,0.6833333333333333,https://activategood.org/opportunity,11/04/20
21,Support Our Work,0.7,https://activategood.org/donate,11/04/20
22,﻿That’ Activate Good,0.7333333333333333,https://activategood.org/,11/04/20
2,Virtual Community Town Hall TONIGHT,0.015873015873015872,https://us02web.zoom.us/meeting/register/tZAufuGtrD4pG9XA8D-c-l3bCUqIPFQGvwqn,08/26/20
3,﻿Register HERE,0.06349206349206349,https://us02web.zoom.us/meeting/register/tZAufuGtrD4pG9XA8D-c-l3bCUqIPFQGvwqn,08/26/20
8,Virtual Learning Series,0.15873015873015872,https://activategood.org/united,08/26/20
9,Check United We Help Month Service Learning Series Join,0.1746031746031746,https://activategood.org/united,08/26/20
16,United We Help Month Virtual Service Sponsor Wells Fargo,0.3333333333333333,https://www.wellsfargo.com/,08/26/20
17,Virtual 911 Commemoration Sponsor Genworth Mortgage Insurance,0.3492063492063492,https://new.mortgageinsurance.genworth.com/,08/26/20
18,Thank You HZO WRAL Attended Events,0.36507936507936506,https://www.hzo.com/,08/26/20
22,See HERE,0.4603174603174603,https://www.eventbrite.com/e/activate-good-wcpss-call-for-volunteers-operation-access-5-locations-tickets-115895078299,08/26/20
23,For Operation Access Part 2 WCPSS,0.47619047619047616,http://www.activategood.org/operationaccesspart2,08/26/20
24,We THIS WEEK AND NEXT,0.5,https://www.eventbrite.com/e/activate-good-wcpss-call-for-volunteers-operation-access-5-locations-tickets-115895078299,08/26/20
25,Support Our Efforts,0.5158730158730159,https://activategood.org/donate,08/26/20
26,August 29 Stock Food Families Need,0.5476190476190477,https://activategood.org/opportunity/5264,08/26/20
27,Virtual Give BOOST,0.5873015873015873,https://activategood.org/opportunity/5233,08/26/20
28,August 26 29 Fight Hunger Food Bank,0.626984126984127,https://activategood.org/opportunity/5163,08/26/20
29,See Community Partners,0.6666666666666666,https://activategood.org/opportunity,08/26/20
30,That’ Activate Good,0.6904761904761905,https://activategood.org/,08/26/20
2,Join Expo December 9,0.056179775280898875,https://us02web.zoom.us/meeting/register/tZwkc-GurzkuE9A5uqvM-zDsD6LXtVC78W9Z,12/02/20
4,RSVP Volunteer Expo HERE,0.16853932584269662,https://us02web.zoom.us/meeting/register/tZwkc-GurzkuE9A5uqvM-zDsD6LXtVC78W9Z,12/02/20
5,Holiday Volunteer Opportunities,0.19101123595505617,https://activategood.org/holidays2020,12/02/20
6,Help Feed Hungry Kids,0.21348314606741572,https://activategood.org/opportunity/5398,12/02/20
7,Overflowing Hands Rocky Top Catering,0.23595505617977527,https://www.overflowinghands.org/,12/02/20
9,REMOTE Create Cards Men Shelters,0.2808988764044944,https://activategood.org/opportunity/5416,12/02/20
10,Deliver Food Local Kids,0.34831460674157305,https://activategood.org/opportunity/5352,12/02/20
11,Pride For Parents,0.4044943820224719,https://activategood.org/prideforparents2020/,12/02/20
12,See,0.48314606741573035,https://activategood.org/opportunity,12/02/20
13,Activate MORE Good Activate Good,0.5056179775280899,https://activategood.org/activatemoregood/,12/02/20
14,We YOUR Here,0.5280898876404494,https://activategood.org/activatemoregood/,12/02/20
16,Ready Activate MORE Good,0.5842696629213483,http://www.activategood.org/activatemoregood,12/02/20
18,﻿Email Lee,0.651685393258427,mailto:Lee@activategood.org?subject=Newsletter Sponsor Inquiry,12/02/20
3,For Operation Access Part 2 40000,0.07352941176470588,http://www.activategood.org/operationaccesspart2,08/12/20
4,Check HERE,0.11764705882352941,https://www.eventbrite.com/e/activate-good-wcpss-call-for-volunteers-operation-access-5-locations-tickets-115895078299,08/12/20
5,See HERE,0.14705882352941177,https://www.eventbrite.com/e/activate-good-wcpss-call-for-volunteers-operation-access-5-locations-tickets-115895078299,08/12/20
6,﻿Wednesday August 12 530pm﻿,0.20588235294117646,https://us02web.zoom.us/meeting/register/tZYkc-iorjktHtWzU1flW8EMG1QySCPdxk-n,08/12/20
9,RSVP,0.2867647058823529,https://us02web.zoom.us/meeting/register/tZYkc-iorjktHtWzU1flW8EMG1QySCPdxk-n,08/12/20
10,It Summer Signs Good Sale﻿,0.3161764705882353,https://activategood.org/product/signs-for-good/,08/12/20
13,Choose,0.35294117647058826,https://activategood.org/product/signs-for-good/,08/12/20
14,Please Orders,0.38235294117647056,https://activategood.org/product/signs-for-good/,08/12/20
15,Signs Good,0.4411764705882353,https://activategood.org/product/signs-for-good/,08/12/20
16,Aug 15 Book Bag Drive Thru,0.5,https://activategood.org/opportunity/5250,08/12/20
17,Join Boys Girls Club,0.5147058823529411,http://wakebgc.org/,08/12/20
18,Aug 15 Pantry Makeover,0.5367647058823529,https://activategood.org/opportunity/5236,08/12/20
19,Help Food Pantry The Alliance AIDS,0.5514705882352942,https://www.aas-c.org/alliance-care-services/food-pantry.html,08/12/20
20,Write Courage Cards Spanish,0.5735294117647058,https://activategood.org/opportunity/5193,08/12/20
21,See,0.6102941176470589,https://activategood.org/opportunity,08/12/20
22,See COVID19 ﻿,0.625,https://activategood.org/covid19,08/12/20
24,Sign HERE,0.6764705882352942,http://www.activategood.org/united,08/12/20
25,Support Our Efforts,0.7205882352941176,https://activategood.org/donate,08/12/20
2,If,0.20168067226890757,https://activategood.org/covid19/,03/17/20
5,covid19,0.4117647058823529,https://activategood.org/covid19/,03/17/20
6,Activate Good,0.46218487394957986,https://activategood.org/remote,03/17/20
7,Volunteer Interest,0.4789915966386555,https://docs.google.com/forms/d/e/1FAIpQLSf7SmiF1wB5iRgF_nY0t8nsyrBrhq6XLiVUfATtVUFQewznmw/viewform,03/17/20
8,Website Updates,0.5210084033613446,https://activategood.org/opportunity/4472,03/17/20
9,Courage Cards,0.5630252100840336,https://activategood.org/opportunity/4146,03/17/20
10,Host Supply Drive,0.6050420168067226,https://activategood.org/opportunity/5123,03/17/20
11,Virtual Ambassadors,0.6386554621848739,https://activategood.org/opportunity/5124,03/17/20
12,Deliver Note Pocket,0.680672268907563,https://activategood.org/opportunity/5127,03/17/20
13,Grant Research,0.7142857142857143,https://activategood.org/opportunity/5103,03/17/20
14,Activate Good,0.7563025210084033,https://activategood.org/,03/17/20
15,Support,0.7983193277310925,https://activategood.org/donate,03/17/20
2,Activate Good,0.057692307692307696,http://www.activategood.org/,07/08/20
3,Click,0.09615384615384616,https://activategood.org/join-board/,07/08/20
4,﻿Operation Summer Hunger﻿,0.1346153846153846,https://activategood.org/operationsummerhunger/,07/08/20
7,﻿Operation Summer Hunger Activate Good’,0.23076923076923078,https://activategood.org/operationsummerhunger/,07/08/20
8,Check Operation Summer Hunger,0.28846153846153844,https://activategood.org/operationsummerhunger/,07/08/20
9,Write Courage Cards Spanish,0.3269230769230769,https://activategood.org/opportunity/5193,07/08/20
10,July 11 Prep Super Duper Duck Splash,0.375,https://activategood.org/opportunity/5195,07/08/20
11,July 12 Grow Garden Group,0.4230769230769231,https://activategood.org/opportunity/5188,07/08/20
12,Interested Attend Zoom Soil,0.4423076923076923,https://www.soiltrotters.org/,07/08/20
13,See,0.47115384615384615,https://activategood.org/opportunity,07/08/20
14,See COVID19,0.49038461538461536,https://activategood.org/covid19,07/08/20
15,Support Our Efforts,0.5096153846153846,https://activategood.org/donate,07/08/20
16,﻿Wednesday July 15 530pm﻿,0.5865384615384616,https://us02web.zoom.us/meeting/register/tZMld-yuqj0pGtKZI0gFaxYxxohQfK9LWcMQ,07/08/20
20,RSVP,0.6826923076923077,https://us02web.zoom.us/meeting/register/tZYuduihpjMrGNb9IwBR32owfDbrCBRr550r,07/08/20
2,GivingTuesday,0.022857142857142857,https://secure.lglforms.com/form_engine/s/Rkoj-1l4WVRIiWjqKEHuxA,12/03/19
3,Support,0.03428571428571429,https://secure.lglforms.com/form_engine/s/Rkoj-1l4WVRIiWjqKEHuxA,12/03/19
4,This Activate Good We,0.08,https://activategood.org/,12/03/19
7,This GivingTuesday MORE,0.13142857142857142,https://secure.lglforms.com/form_engine/s/Rkoj-1l4WVRIiWjqKEHuxA,12/03/19
8,Your,0.14857142857142858,https://secure.lglforms.com/form_engine/s/Rkoj-1l4WVRIiWjqKEHuxA,12/03/19
9,Plan Days Service,0.16,https://activategood.org/daysofservice/,12/03/19
10,Connect 500 Triangle,0.17714285714285713,https://activategood.org/nonprofit,12/03/19
11,Host Teens Change World Summer Program,0.19428571428571428,https://activategood.org/teenschangetheworld/,12/03/19
12,Meet 20202021 The Good Hub,0.22285714285714286,https://activategood.org/thegoodhub/,12/03/19
13,Donate Every,0.26857142857142857,http://www.activategood.org/singlegift,12/03/19
15,Looking Check,0.3028571428571429,https://activategood.org/holidays2019,12/03/19
17,Join Board,0.37142857142857144,https://activategood.org/opportunity/4845#tab-what,12/03/19
18,Social Media Volunteer,0.4114285714285714,https://activategood.org/opportunity/4817#tab-what,12/03/19
19,Festival Merchandiser,0.44571428571428573,https://activategood.org/opportunity/4932#tab-details,12/03/19
20,Donation Pickup,0.5085714285714286,https://activategood.org/opportunity/4915,12/03/19
21,Volunteer Admin Assistant,0.5485714285714286,https://activategood.org/opportunity/4945#tab-what,12/03/19
22,Warmth Wake,0.5828571428571429,https://activategood.org/opportunity/432#tab-what,12/03/19
23,Donation Sorting,0.64,https://activategood.org/opportunity/4917#tab-what,12/03/19
24,Garden Work Day,0.6742857142857143,https://activategood.org/opportunity/4946#tab-what,12/03/19
25,Youth Tournament,0.7085714285714285,https://activategood.org/opportunity/4944#tab-what,12/03/19
26,View,0.7485714285714286,https://activategood.org/opportunity,12/03/19
27,Activate Good,0.76,https://activategood.org/,12/03/19
28,Support,0.7885714285714286,https://activategood.org/donate,12/03/19
3,Sign Middle Mile,0.15841584158415842,https://docs.google.com/forms/d/e/1FAIpQLSc7hxiJOXuENpd550X3sbbHr--CDDBhV2I74go-fKPtJ3WPBg/viewform,06/17/20
4,Get All Details Sign Up,0.2376237623762376,https://docs.google.com/forms/d/e/1FAIpQLSc7hxiJOXuENpd550X3sbbHr--CDDBhV2I74go-fKPtJ3WPBg/viewform,06/17/20
5,﻿Join TONIGHT,0.297029702970297,https://us02web.zoom.us/meeting/register/tZ0rf-6upzssGtKgVMkznkdR1nZKg9aa9DVN,06/17/20
6,RSVP,0.4158415841584158,https://us02web.zoom.us/meeting/register/tZ0rf-6upzssGtKgVMkznkdR1nZKg9aa9DVN,06/17/20
7,Support Our Work,0.43564356435643564,https://activategood.org/donate,06/17/20
8,Send Smile,0.4752475247524752,https://activategood.org/wp-content/uploads/2020/06/SendASmile_digital.pdf,06/17/20
9,Transitions LifeCare,0.49504950495049505,https://transitionslifecare.org/,06/17/20
10,Collect Donate Garden Tools,0.5247524752475248,https://activategood.org/opportunity/5139,06/17/20
11,Ask Wildwoods Community Farm,0.5445544554455446,https://wildwoodsfarmnc.com/,06/17/20
12,DIY Dog Toys,0.5742574257425742,https://activategood.org/remote-volunteer-project-diy-shirt-toys-dogs/,06/17/20
13,Upcycle Second Chance,0.594059405940594,https://www.secondchancenc.org/,06/17/20
14,See Triangle,0.6237623762376238,https://activategood.org/opportunity,06/17/20
15,﻿Complete,0.6831683168316832,https://docs.google.com/forms/d/e/1FAIpQLSdt7CbAHESSoCWm_j3eKBO7KfJGKDNXcpqBNRoPawh9P8GH9Q/viewform?usp=sf_link,06/17/20
17,Support Our Work,0.7425742574257426,https://activategood.org/donate,06/17/20
3,Activate MORE Good,0.06818181818181818,https://activategood.org/activatemoregood/,12/21/20
6,Also Visit Activate MORE Good December,0.16666666666666666,https://activategood.org/activatemoregood/,12/21/20
7,Loeffler,0.20454545454545456,https://youtu.be/sUOonhxXw6c,12/21/20
8,Donate Activate MORE Good,0.2196969696969697,https://activategood.org/activatemoregood,12/21/20
9,Contact Development Coordinator Lee Posey Pike,0.3181818181818182,mailto:lee@activategood.org,12/21/20
10,Join LAST Activate Good Virtual Town Hall,0.3560606060606061,https://ncsu.zoom.us/meeting/register/tJAudu2hpzIqHdNo9QQbCXbgq5JFkHqWArCh,12/21/20
12,RSVP Town Hall December 30,0.42424242424242425,https://ncsu.zoom.us/meeting/register/tJAudu2hpzIqHdNo9QQbCXbgq5JFkHqWArCh,12/21/20
13,Operation Mask Up,0.4393939393939394,https://activategood.org/opportunity/5333,12/21/20
16,Sign,0.5303030303030303,https://activategood.org/opportunity/5333,12/21/20
17,NEW Operation Bare Necessities,0.5454545454545454,https://activategood.org/operation-bare-necessities/,12/21/20
19,Sign Diaper Bank Durham January,0.6136363636363636,https://activategood.org/opportunity/5440,12/21/20
20,See,0.6287878787878788,https://activategood.org/opportunity,12/21/20
22,At Gather Voices,0.6742424242424242,https://www.gathervoices.co/,12/21/20
23,Raleigh JohnLaneDBAJTL,0.7348484848484849,mailto:John.Lane@DBAJTL.com,12/21/20
2,Complete Teen Parent HERE,0.06936416184971098,https://activategood.org/teenschangetheworld2019/,07/08/19
3,July 1519,0.08092485549132948,https://activategood.org/wp-content/uploads/2019/05/TeensChangeTheWorld-Week22019.pdf,07/08/19
7,The Teens Change World Summer Program,0.12716763005780346,https://activategood.org/teenschangetheworld2019/,07/08/19
8,Learn More Register Here,0.1791907514450867,https://activategood.org/teenschangetheworld2019/,07/08/19
12,The 911 Day Service Let,0.24855491329479767,https://activategood.org/teenschangetheworld2019/,07/08/19
13,Check Group Interest Form You,0.26011560693641617,https://activategood.org/911day2019-grouppreregistration/,07/08/19
14,Learn More Register Here,0.28901734104046245,https://activategood.org/911day2019-grouppreregistration/,07/08/19
15,Recycle Coordinator,0.36416184971098264,https://activategood.org/opportunity/4437#tab-what,07/08/19
16,Farm Days,0.3988439306358382,https://activategood.org/opportunity/3329#tab-what,07/08/19
17,Art Teaching Assistant,0.4393063583815029,https://activategood.org/opportunity/614#tab-what,07/08/19
18,Puppy Time,0.49710982658959535,https://activategood.org/opportunity/4563#tab-what,07/08/19
19,Shelter Sorting,0.5375722543352601,https://activategood.org/opportunity/4631#tab-shifts,07/08/19
20,Garden Days Alliance Medical Ministry,0.5780346820809249,https://activategood.org/opportunity/4492,07/08/19
21,Women Theatre Festival,0.6416184971098265,https://activategood.org/opportunity/4568#tab-what,07/08/19
22,Crosby Community Day,0.6936416184971098,https://activategood.org/opportunity/4605#tab-what,07/08/19
23,iCan Bike Camp,0.7283236994219653,https://activategood.org/opportunity/4663#tab-what,07/08/19
24,Activate Good,0.7687861271676301,https://activategood.org/,07/08/19
25,Support,0.8034682080924855,https://activategood.org/donate,07/08/19
2,Operation Summer Hunger,0.01639344262295082,https://activategood.org/operationsummerhunger/,07/21/20
4,Operation Summer Hunger Activate Good’,0.12295081967213115,https://activategood.org/operationsummerhunger/,07/21/20
5,Virtual Town Hall,0.1885245901639344,https://us02web.zoom.us/meeting/register/tZYod-6oqjwrHtVgsTZ1mqBNKgG0OKYMd1V5,07/21/20
6,RSVP Zoom,0.27049180327868855,https://us02web.zoom.us/meeting/register/tZYod-6oqjwrHtVgsTZ1mqBNKgG0OKYMd1V5,07/21/20
7,﻿Update,0.319672131147541,https://activategood.org/opportunity/5199,07/21/20
8,Help CORA Food Pantry,0.3360655737704918,https://www.corafoodpantry.org/,07/21/20
9,﻿Grab Go Read,0.3770491803278688,https://activategood.org/opportunity/5219,07/21/20
10,Sort Wake Up Read,0.39344262295081966,https://wakeupandread.org/,07/21/20
11,Build Tiny Houses,0.4344262295081967,https://activategood.org/opportunity/5224,07/21/20
12,Join Wildwoods Community Farm,0.45081967213114754,http://wildwoodsfarmnc.com/,07/21/20
13,Monthly Giving Program Update,0.47540983606557374,https://secure.lglforms.com/form_engine/s/9krEk8xlVTtTcNGy_0EyDg,07/21/20
15,Join Our Monthly Giving Community,0.6065573770491803,https://secure.lglforms.com/form_engine/s/9krEk8xlVTtTcNGy_0EyDg,07/21/20
16,United We Help September 130,0.6229508196721312,https://activategood.org/united,07/21/20
17,Stay United We Help,0.6885245901639344,https://activategood.org/united/,07/21/20
18,Groups Companies Complete,0.7131147540983607,https://docs.google.com/forms/d/e/1FAIpQLSdt7CbAHESSoCWm_j3eKBO7KfJGKDNXcpqBNRoPawh9P8GH9Q/viewform?usp=sf_link,07/21/20
20,Support PeoplePowered Projects Good,0.7622950819672131,https://activategood.org/donate,07/21/20
3,Check HERE,0.13533834586466165,https://activategood.org/operationaccesspart2/,08/05/20
4,See All Details Sign Up,0.15037593984962405,https://activategood.org/operationaccesspart2/,08/05/20
5,Aug 8 Fight Hunger Food Bank,0.18045112781954886,https://activategood.org/opportunity/5163#tab-shifts,08/05/20
6,Sort Pack Books,0.21804511278195488,https://activategood.org/opportunity/5239,08/05/20
7,Skilled Volunteer Refrigerator Repair Professional,0.2556390977443609,https://activategood.org/opportunity/5238,08/05/20
8,CAARE Food Pantry,0.2706766917293233,https://www.caare-inc.org/,08/05/20
9,Aug 5 Train Project Leader,0.2932330827067669,https://activategood.org/opportunity/5235,08/05/20
10,Review,0.3157894736842105,https://activategood.org/opportunity/5235#tab-details,08/05/20
12,See,0.3533834586466165,https://activategood.org/opportunity,08/05/20
13,See COVID19,0.3684210526315789,https://activategood.org/covid19,08/05/20
14,Support Our Efforts,0.38345864661654133,https://activategood.org/donate,08/05/20
15,﻿Signs Good,0.39849624060150374,https://activategood.org/product/signs-for-good/,08/05/20
16,SALE﻿,0.41353383458646614,https://activategood.org/product/signs-for-good/,08/05/20
19,Choose,0.45112781954887216,https://activategood.org/product/signs-for-good/,08/05/20
20,Please Orders,0.48120300751879697,https://activategood.org/product/signs-for-good/,08/05/20
21,Signs Good,0.5413533834586466,https://activategood.org/product/signs-for-good/,08/05/20
22,﻿Wednesday August 12 530pm﻿,0.631578947368421,https://us02web.zoom.us/meeting/register/tZMld-yuqj0pGtKZI0gFaxYxxohQfK9LWcMQ,08/05/20
26,RSVP,0.706766917293233,https://us02web.zoom.us/meeting/register/tZYkc-iorjktHtWzU1flW8EMG1QySCPdxk-n,08/05/20
2,Thanks Colliers International Raleigh Durham,0.07746478873239436,https://www2.colliers.com/en/United-States/Cities/Raleigh,01/31/20
3,POP UP Good Hub,0.1056338028169014,http://www.thegoodhub.org/,01/31/20
4,Special Oak City Productions,0.14084507042253522,https://oakcityproductions.com/,01/31/20
6,Sponsor POP UP,0.19718309859154928,https://activategood.org/thegoodhub/support-popup/,01/31/20
7,POP UP Wish List,0.2112676056338028,https://activategood.org/thegoodhub/pop-up-wish-list/,01/31/20
8,POP UP Volunteer Needs,0.22535211267605634,https://activategood.org/thegoodhub/popup-volunteer/,01/31/20
9,Social Media Help,0.29577464788732394,https://activategood.org/opportunity/5007#tab-what,01/31/20
10,Grantwriting,0.3380281690140845,https://activategood.org/opportunity/4977#tab-what,01/31/20
11,Program Data Evaluation,0.38028169014084506,https://activategood.org/opportunity/4990#tab-what,01/31/20
12,Special Olympics Intern,0.4507042253521127,https://activategood.org/opportunity/4948#tab-what,01/31/20
13,Office Assistant,0.5,https://activategood.org/opportunity/4992#tab-what,01/31/20
14,School Tour Volunteer,0.5492957746478874,https://activategood.org/opportunity/4995#tab-what,01/31/20
15,Garden Day,0.6197183098591549,https://activategood.org/opportunity/4987#tab-what,01/31/20
16,Dress Success Sale,0.6619718309859155,https://activategood.org/opportunity/5030#tab-what,01/31/20
17,Black History Festival,0.704225352112676,https://activategood.org/opportunity/5031#tab-what,01/31/20
18,View,0.7464788732394366,https://activategood.org/opportunity,01/31/20
19,Activate Good,0.7605633802816901,https://activategood.org/,01/31/20
20,Support,0.795774647887324,https://activategood.org/donate,01/31/20
3,Activate MORE Good As,0.056451612903225805,https://activategood.org/activatemoregood/,11/18/20
4,1 Individual Click HERE,0.12096774193548387,https://activategoodvoices.gv-one.com/?gId=1817&rId=5177,11/18/20
5,2 Nonprofit Click HERE,0.14516129032258066,https://activategoodvoices.gv-one.com/?gId=1817&rId=5179,11/18/20
6,It Hunger Homelessness Awareness Week,0.1693548387096774,https://activategood.org/Hunger&HomelessnessWeek,11/18/20
8,Week HERE,0.22580645161290322,https://activategood.org/Hunger&HomelessnessWeek,11/18/20
9,During,0.24193548387096775,https://hhweek.org/,11/18/20
10,Virtual Community Town Hall,0.2661290322580645,https://us02web.zoom.us/meeting/register/tZMpcOCvqz8uGtD8WSjMdclJ4Yft0uMskH-p,11/18/20
12,Register Town Hall HERE,0.3467741935483871,https://us02web.zoom.us/meeting/register/tZMpcOCvqz8uGtD8WSjMdclJ4Yft0uMskH-p,11/18/20
13,Deliver,0.3790322580645161,https://activategood.org/opportunity/5397,11/18/20
14,Build Nature Trails,0.41935483870967744,https://activategood.org/opportunity/5331,11/18/20
15,Tar River Land Conservancy,0.4435483870967742,http://www.tarriver.org/,11/18/20
16,LAST CALL Help Family Volunteer Day,0.4596774193548387,https://activategood.org/opportunity/5374,11/18/20
17,Holiday Volunteering Pride Parents,0.5,https://activategood.org/holidays2020,11/18/20
18,﻿Sign HERE,0.5403225806451613,https://activategood.org/opportunity/5400,11/18/20
19,See ALL Triangle,0.5564516129032258,https://activategood.org/opportunity,11/18/20
20,VOTE Activate Good Best Volunteer Organization,0.5725806451612904,https://wral5.secondstreetapp.com/2020-WRAL-Voters-Choice-Awards/gallery/?group=357635,11/18/20
23,1 Click HERE,0.6290322580645161,https://wral5.secondstreetapp.com/2020-WRAL-Voters-Choice-Awards/gallery/?group=357635,11/18/20
24,Support Our Work,0.6854838709677419,https://activategood.org/activatemoregood/,11/18/20
25,﻿That’ Activate Good,0.717741935483871,https://activategood.org/,11/18/20
3,Watch Volunteer Thank You,0.12,https://youtu.be/_Llxn-psvfI,04/01/20
4,Center Volunteer Caregiving,0.184,https://volunteercaregiving.org/volunteer-2/#volunteer-signup,04/01/20
5,Food Distribution WCPSS,0.216,https://www.wcpss.net/domain/16591,04/01/20
6,Help InterFaith Food Shuttle The Food Bank Central,0.232,https://www.foodshuttle.org/,04/01/20
8,Meals Wheels,0.256,https://www.wakemow.org/volunteer-application-mow-wake-county?fbclid=IwAR2EmNwC9TyoaZADjq2K7fDjqh7dGJuSxqjtV50nyRWeoqSvTql1glLQfUg,04/01/20
9,Draw Paint Pet Portraits,0.312,https://activategood.org/remote-volunteer-project-pet-portraits/,04/01/20
10,Spanish Speakers Help,0.352,https://www.curamericas.org/volunteer-information/?__cf_chl_jschl_tk__=d8e97dfc653ae4b8de15128f83e701f6c84142a3-1585747410-0-AYq1u7njLVlrLdw5WSf0MyDjgMsj4IF8eJ6hXTMJVKVNNX3H8cYImkfUh8A09rDM4-JjjJ0rOxhDXXOptLIVK7J4_IuldLIVn3zMSnaCMowPODcnVzTb1bEzPpMGVfTDMDjWHHwOTSEWi9TYfdiMQrCOcZMWBpNfULlEE36zi-tTl-rOFQW2QGaK-cRxFKf5DtEUIku59owbdi3LoZJT1Wp0GnXaJUgvcRKvw64qxsKk8MiqM8zO5vMjWDelEx4qKAmz74sPGw0_xzEe_ZcIYjJzf6-8Fl5pzpJAYmMusND4rWzgZTBfi20L2xBE7YfLqA,04/01/20
11,Find Funding Nonprofits,0.392,https://activategood.org/remote-volunteer-funding-for-causes/,04/01/20
13,Earlier The Good Hub POP UP,0.688,http://activategood.org/thegoodhub,04/01/20
14,Raleigh Magazine We,0.736,https://raleighmag.com/2020/03/good-hub/,04/01/20
15,Also Check Raleigh Magazine 30 30,0.76,https://raleighmag.com/2020/03/raleigh-magazines-thirty-in-their-30s/,04/01/20
16,Donate Support Our Work,0.8,https://activategood.org/donate,04/01/20
3,Good Hub POP UP,0.13043478260869565,https://activategood.org/covid-19-coronavirus-activate-good-response/,03/12/20
6,702 Oberlin Road Suite 400 Raleigh,0.2782608695652174,https://activategood.org/thegoodhub/schedule-popup/,03/12/20
8,Please,0.30434782608695654,https://activategood.org/thegoodhub/,03/12/20
9,Check Good Hub Pop Up Schedule,0.34782608695652173,https://activategood.org/thegoodhub/,03/12/20
10,﻿The Good Hub POP UP 702 Oberlin,0.3826086956521739,https://activategood.org/thegoodhub/popup/,03/12/20
12,Enormous Anthony Property Group,0.40869565217391307,https://www.aacre.com/,03/12/20
15,To,0.5565217391304348,https://activategood.org/opportunity,03/12/20
16,Browse,0.6086956521739131,https://activategood.org/opportunity,03/12/20
17,Remote,0.6260869565217392,https://activategood.org/remote,03/12/20
19,View,0.6782608695652174,https://activategood.org/opportunity,03/12/20
20,Activate Good,0.6956521739130435,https://activategood.org/,03/12/20
21,Support,0.7391304347826086,https://activategood.org/donate,03/12/20
2,Sign,0.06060606060606061,https://activategood.org/911day2019,09/09/19
3,View,0.15151515151515152,https://activategood.org/911day2019,09/09/19
4,Join 911 Evening Commemoration Service Projects,0.21212121212121213,https://www.eventbrite.com/e/911-day-of-service-2019-evening-commemoration-service-projects-tickets-62352283358?fbclid=IwAR0wRO5ByqQzTC-56Bpc1bvUozPVmayUvkPOwlcf3PNUKzon8HdV7nt3pL8,09/09/19
6,Join 600 830 PM,0.42424242424242425,http://911eveningcommemoration2019.eventbrite.com/,09/09/19
7,RSVP 911 Day Service Commemoration,0.48484848484848486,https://911eveningcommemoration2019.eventbrite.com/,09/09/19
8,Service Be,0.5909090909090909,https://www.facebook.com/activategood/,09/09/19
11,Activate Good,0.6666666666666666,https://activategood.org/,09/09/19
3,This National Volunteer Week April 713,0.0641025641025641,https://activategood.org/nvw2019,03/04/19
4,View Current Volunteer Needs Sign Up,0.09615384615384616,https://activategood.org/nvw2019,03/04/19
8,The Teens Change World Summer Program,0.1858974358974359,https://activategood.org/teenschangetheworld2019/,03/04/19
9,Learn More Register Here,0.23076923076923078,https://activategood.org/teenschangetheworld2019/,03/04/19
10,Also Help Teens Change World Donate,0.24358974358974358,https://activategood.org/teenschangetheworld2019/support/,03/04/19
11,Medical Interpreter,0.32051282051282054,https://activategood.org/opportunity/2327#tab-what,03/04/19
12,ProBono Attorney,0.36538461538461536,https://activategood.org/opportunity/4054#tab-what,03/04/19
13,Robotics Demo Clinic,0.41025641025641024,https://activategood.org/opportunity/2656#tab-what,03/04/19
14,Silent Auction Assistance,0.4807692307692308,https://activategood.org/opportunity/4218#tab-what,03/04/19
15,Backpack Buddies Packers,0.5192307692307693,https://activategood.org/opportunity/4365#tab-what,03/04/19
16,Community Service Farm,0.5641025641025641,https://activategood.org/opportunity/3329#tab-what,03/04/19
17,Tree Giveaway NC Museum Natural Sciences,0.6346153846153846,https://activategood.org/opportunity/2447#tab-details,03/04/19
18,Raleigh St Patrick Day Parade,0.6794871794871795,https://activategood.org/opportunity/4408#tab-what,03/04/19
19,Trail Days Ledge Creek,0.7243589743589743,https://activategood.org/opportunity/4405#tab-what,03/04/19
20,Activate Good,0.7692307692307693,https://activategood.org/,03/04/19
21,Support,0.8076923076923077,https://activategood.org/donate,03/04/19
2,SmART Summer Supply Drive,0.058823529411764705,https://activategood.org/smart/,06/05/20
4,﻿Activate Good Art Intimacy,0.11764705882352941,https://www.artintimacy.org/,06/05/20
5,Check Wish List Drop,0.18627450980392157,https://activategood.org/wp-content/uploads/2020/05/SmARTSummerSupplyDrive-WishListFINAL.pdf,06/05/20
6,Or Amazon Wish List,0.22549019607843138,https://www.amazon.com/hz/wishlist/ls/H6EEWIVCSYZ3/ref=hz_ls_biz_ex,06/05/20
7,Help Spread Word Share Amazon Wish List,0.2549019607843137,https://www.amazon.com/gp/registry/wishlist/H6EEWIVCSYZ3/ref=cm_wl_huc_view,06/05/20
8,Supply Wish List,0.2647058823529412,https://activategood.org/wp-content/uploads/2020/05/SmARTSummerSupplyDrive-WishListFINAL.pdf,06/05/20
9,Be Volunteer Caregiver,0.30392156862745096,https://volunteercaregiving.org/volunteer-2/#volunteer-signup,06/05/20
10,Sign Center Volunteer Caregiving,0.3235294117647059,https://volunteercaregiving.org/,06/05/20
11,Pack Sort Donations Food Bank,0.35294117647058826,https://activategood.org/opportunity/5163,06/05/20
12,Help Census Voting,0.4019607843137255,https://docs.google.com/forms/d/e/1FAIpQLScDBxysRXGCL_k7GDYfd6lEPGx6IesfD1OakIp487pVXGAsXQ/viewform,06/05/20
13,YouCanVote 2020,0.4215686274509804,https://www.youcanvote.org/gonedigital,06/05/20
14,﻿Read,0.5588235294117647,https://activategood.org/social-distanced-volunteering/,06/05/20
16,﻿,0.6470588235294118,https://activategood.org/wp-content/uploads/2020/05/CommunityEngagementSurvey-ActivateGood2020FINAL.pdf,06/05/20
18,That’ Activate Good,0.696078431372549,http://www.activategood.org/,06/05/20
19,Support Our Work,0.7254901960784313,https://activategood.org/donate,06/05/20
2,June 1721 July 1519,0.04597701149425287,https://activategood.org/wp-content/uploads/2019/05/TeensChangeTheWorld-Week12019.pdf,06/04/19
7,The Teens Change World Summer Program,0.09195402298850575,https://activategood.org/teenschangetheworld2019/,06/04/19
8,Learn More Register Here,0.14367816091954022,https://activategood.org/teenschangetheworld2019/,06/04/19
12,The 911 Day Service Let,0.21264367816091953,https://activategood.org/teenschangetheworld2019/,06/04/19
13,Group Interest Form,0.22413793103448276,https://activategood.org/911day2019-grouppreregistration/,06/04/19
14,Learn More Register Here,0.2413793103448276,https://activategood.org/911day2019-grouppreregistration/,06/04/19
16,Learn More Participate Here,0.3160919540229885,https://activategood.org/cookbook/,06/04/19
17,HOBY Seminar,0.3735632183908046,https://activategood.org/opportunity/4571#tab-what,06/04/19
18,Warehouse Assistance,0.41379310344827586,https://activategood.org/opportunity/4511#tab-what,06/04/19
19,Recycle Coordinator,0.4540229885057471,https://activategood.org/opportunity/4437#tab-what,06/04/19
20,Puppy Time,0.5114942528735632,https://activategood.org/opportunity/4563#tab-what,06/04/19
21,Garden Days Alliance Medical Ministry,0.5517241379310345,https://activategood.org/nonprofit/262,06/04/19
22,New Mini Farm,0.5919540229885057,https://activategood.org/opportunity/3329#tab-what,06/04/19
23,YMCA 175th Anniversary,0.6494252873563219,https://activategood.org/opportunity/4578#tab-what,06/04/19
24,Live Local Spring Fest,0.6839080459770115,https://activategood.org/opportunity/4572#tab-what,06/04/19
25,Support STEM Education,0.7241379310344828,https://activategood.org/opportunity/4574#tab-what,06/04/19
26,Activate Good,0.7586206896551724,https://activategood.org/,06/04/19
27,Support,0.7931034482758621,https://activategood.org/donate,06/04/19
2,SIGN UPS NOW OPEN,0.030534351145038167,https://activategood.org/fvd2019,11/01/19
3,Join Activate Good Saturday November 23 Family Volunteer Day,0.0916030534351145,https://activategood.org/fvd2019,11/01/19
4,Space Registration,0.15267175572519084,https://activategood.org/fvd2019,11/01/19
7,Volunteer Director Fundraising,0.2595419847328244,https://activategood.org/opportunity/4890#tab-what,11/01/19
8,Business Development Volunteer,0.3053435114503817,https://activategood.org/opportunity/4805#tab-what,11/01/19
9,Join SOAR Outreach Board,0.3511450381679389,https://activategood.org/opportunity/4845#tab-what,11/01/19
10,Warmth Wake,0.42748091603053434,https://activategood.org/opportunity/432#tab-what,11/01/19
11,Theater Seat Restoration,0.4732824427480916,https://activategood.org/opportunity/4905#tab-what,11/01/19
12,Arts Crafts,0.5267175572519084,https://activategood.org/opportunity/4870#tab-what,11/01/19
13,Lunch Delivery,0.6030534351145038,https://activategood.org/opportunity/718#tab-what,11/01/19
14,PUPPIES,0.648854961832061,https://activategood.org/opportunity/4894#tab-what,11/01/19
15,Donation Sorting,0.6946564885496184,https://activategood.org/opportunity/4896#tab-what,11/01/19
16,View,0.7404580152671756,https://activategood.org/opportunity,11/01/19
17,Activate Good,0.7557251908396947,https://activategood.org/,11/01/19
18,Support,0.7938931297709924,https://activategood.org/donate,11/01/19
6,Virtual Learning Series,0.12213740458015267,https://activategood.org/united,09/02/20
7,Join United We Help Month,0.13740458015267176,https://activategood.org/united,09/02/20
13,Learn,0.2595419847328244,http://www.activategood.org/united,09/02/20
14,United We Help Month Virtual Service Sponsor Wells Fargo,0.2900763358778626,https://www.wellsfargo.com/,09/02/20
15,Virtual 911 Commemoration Sponsor Genworth Mortgage Insurance,0.3053435114503817,https://new.mortgageinsurance.genworth.com/,09/02/20
16,Thank HZO WRAL Attended Events,0.32061068702290074,https://www.hzo.com/,09/02/20
19,Support Our Efforts,0.33587786259541985,https://activategood.org/donate,09/02/20
20,﻿Contribute Career Workplace Video,0.3969465648854962,https://activategood.org/opportunity/5215,09/02/20
21,Join Activate Good Durham Raleigh Food Bank,0.46564885496183206,https://activategood.org/opportunity/5208,09/02/20
23,﻿Get Out Vote,0.4961832061068702,https://activategood.org/opportunity/5212,09/02/20
24,Help Activate Good United We Help Social,0.5343511450381679,https://activategood.org/opportunity/5248,09/02/20
25,Media Ambassador If,0.5419847328244275,https://docs.google.com/forms/d/e/1FAIpQLSfalrBb7EWQYYGtReFZhGSEjrFB3P0e_wvd_gG1fmK-mgzmxA/viewform,09/02/20
28,Invest 5 10 20,0.6183206106870229,http://www.activategood.org/giving,09/02/20
30,Youth Givers Program ’,0.6564885496183206,http://www.activategood.org/giving,09/02/20
31,That’ Activate Good,0.6946564885496184,https://activategood.org/,09/02/20
2,Saturday November 21 Family Volunteer Day,0.03773584905660377,https://activategood.org/familyvolunteerday2020/,10/21/20
4,Complete Family Volunteer Day,0.1792452830188679,https://docs.google.com/forms/d/e/1FAIpQLSfd5N7RV9Az0R5z95Djn_9DDzc8KZ66qwe73opYtGsNpiadJw/viewform,10/21/20
5,﻿Virtual Community Town Hall,0.2169811320754717,https://us02web.zoom.us/meeting/register/tZMtc-qqrjwiGdy4leDC-9470f-PIeJAoMDL,10/21/20
7,Register HERE,0.3018867924528302,https://us02web.zoom.us/meeting/register/tZMtc-qqrjwiGdy4leDC-9470f-PIeJAoMDL,10/21/20
8,November 2 Volunteer ALS Fundraising Event,0.33962264150943394,https://activategood.org/opportunity/5368,10/21/20
9,Help Administrative Work,0.3867924528301887,https://activategood.org/opportunity/5370,10/21/20
10,Single Women Children,0.4056603773584906,https://www.singlewomenwithchildren.org/,10/21/20
11,Build TRLC,0.4339622641509434,https://activategood.org/opportunity/5331,10/21/20
12,Chapel Conservation Area 55 Tar River,0.46226415094339623,http://www.tarriver.org/,10/21/20
13,See ALL Triangle,0.49056603773584906,https://activategood.org/opportunity,10/21/20
15,Register HERE﻿,0.6792452830188679,https://www.bizjournals.com/triangle/event/166237/2020/2020-corporate-philanthropy-awards,10/21/20
16,Support Our Work,0.6981132075471698,https://activategood.org/donate,10/21/20
17,﻿That’ Activate Good,0.7358490566037735,https://activategood.org/,10/21/20
2,NEW Project Operation Hand Up,0.014184397163120567,https://activategood.org/operationhandup/,04/28/20
3,Activate Good Oak City Cares,0.0425531914893617,https://oakcitycares.org/,04/28/20
4,Oak,0.0851063829787234,https://activategood.org/operationhandup/,04/28/20
6,Operation Hand Up,0.14184397163120568,https://activategood.org/operationhandup/,04/28/20
8,Join Tuesday May 5 700 830 PM Homebody A Chris,0.22695035460992907,https://www.facebook.com/events/2644248899232364/,04/28/20
9,Chris Hendricks,0.24113475177304963,http://www.iamchrishendricks.com/,04/28/20
10,Join May 5 700 PM 7 830,0.2553191489361702,https://www.facebook.com/events/2644248899232364/,04/28/20
12,2017 VOLUNTEER MUSIC VIDEO,0.3191489361702128,https://www.youtube.com/watch?v=0fDkaYSVkF4,04/28/20
14,Larry Coffee Activate Good If,0.3829787234042553,http://www.larryscoffee.com/,04/28/20
16,covid19,0.524822695035461,https://activategood.org/covid19/,04/28/20
18,﻿,0.5815602836879432,https://activategood.org/remote,04/28/20
19,Virtual Career Speaker Series,0.6099290780141844,https://activategood.org/opportunity/5154,04/28/20
20,Junior Achievement Eastern NC,0.624113475177305,http://www.juniorachievementnc.com/,04/28/20
21,DIY Dog Toys,0.6524822695035462,https://activategood.org/remote-volunteer-project-diy-shirt-toys-dogs/,04/28/20
22,Upcycle Second Chance,0.6666666666666666,http://www.secondchancenc.org/,04/28/20
23,Academic Packets Students,0.6879432624113475,https://activategood.org/opportunity/5149,04/28/20
24,Activate Good,0.723404255319149,https://activategood.org/,04/28/20
25,Help,0.7588652482269503,https://activategood.org/donate,04/28/20
2,﻿Town Hall,0.017241379310344827,https://us02web.zoom.us/meeting/register/tZMtc-qqrjwiGdy4leDC-9470f-PIeJAoMDL,10/14/20
3,Register HERE,0.10344827586206896,https://us02web.zoom.us/meeting/register/tZMtc-qqrjwiGdy4leDC-9470f-PIeJAoMDL,10/14/20
5,Will HALFWAY 100,0.1896551724137931,https://activategood.org/giving/,10/14/20
6,Be 100,0.2413793103448276,https://activategood.org/giving/,10/14/20
8,Complete Family Volunteer Day,0.3793103448275862,https://docs.google.com/forms/d/e/1FAIpQLSfd5N7RV9Az0R5z95Djn_9DDzc8KZ66qwe73opYtGsNpiadJw/viewform?usp=sf_link,10/14/20
9,SHOP,0.41379310344827586,https://activategood.org/shop/,10/14/20
10,Deadline October 18 Get,0.43103448275862066,https://activategood.org/product/signs-for-good-hoodies/,10/14/20
11,While SignsGood,0.46551724137931033,https://activategood.org/product/signs-for-good/,10/14/20
12,October 19 Brew Good Do Good Coffee,0.47413793103448276,https://activategood.org/product/larrys-limited-edition-coffee-brew-good-blend/,10/14/20
16,Wrap Diapers,0.5603448275862069,https://activategood.org/opportunity/5313,10/14/20
17,Help The Diaper Bank NC,0.5775862068965517,http://www.ncdiaperbank.org/,10/14/20
18,October 19 Deliver Family Essentials Kits,0.603448275862069,https://activategood.org/opportunity/5315,10/14/20
19,FAST Initiative,0.646551724137931,https://activategood.org/event/73,10/14/20
20,See ALL,0.6896551724137931,https://activategood.org/opportunity,10/14/20
21,Support Our Work,0.7413793103448276,http://www.activategood.org/giving,10/14/20
2,Keep Events,0.07874015748031496,https://activategood.org/events,10/08/19
5,Boys Girls Club Sports Assistant,0.1889763779527559,https://activategood.org/opportunity/4869#tab-what,10/08/19
6,Event Photographer,0.2440944881889764,https://activategood.org/opportunity/4849#tab-what,10/08/19
7,Budgeting Advisor,0.2992125984251969,https://activategood.org/opportunity/4821#tab-what,10/08/19
8,Red Cross Blood Delivery,0.3858267716535433,https://activategood.org/opportunity/4867#tab-what,10/08/19
9,Dog House Volunteers,0.4409448818897638,https://activategood.org/opportunity/4836#tab-what,10/08/19
10,Walnut Creek Elementary Wildcat Helpers,0.4881889763779528,https://activategood.org/opportunity/4753#tab-what,10/08/19
11,Campus Beautification Day,0.5748031496062992,https://activategood.org/opportunity/4862#tab-what,10/08/19
12,AIDS Walk 5K Run,0.6299212598425197,https://activategood.org/opportunity/4853#tab-what,10/08/19
13,Holiday Program Prep Salvation Army,0.6929133858267716,https://activategood.org/opportunity/4858#tab-what,10/08/19
14,View,0.7480314960629921,https://activategood.org/opportunity,10/08/19
15,Activate Good,0.7637795275590551,https://activategood.org/,10/08/19
16,Support,0.8031496062992126,https://activategood.org/donate,10/08/19
3,Complete HERE,0.27586206896551724,https://docs.google.com/forms/d/e/1FAIpQLScAclGyJNwEHIIXwz8QkpdgA86amEf7sSZwxmwJPCfd3Va2gg/viewform,05/20/20
4,Become Digital Volunteer,0.3793103448275862,https://docs.google.com/forms/d/e/1FAIpQLScDBxysRXGCL_k7GDYfd6lEPGx6IesfD1OakIp487pVXGAsXQ/viewform,05/20/20
5,You Can Vote,0.40229885057471265,https://www.youcanvote.org/gonedigital,05/20/20
6,Write Letters Isolated Seniors,0.4367816091954023,https://activategood.org/wp-content/uploads/2020/04/Op-Sr-Smiles-flyer-Apr2020.pdf,05/20/20
7,Edit,0.4827586206896552,https://activategood.org/opportunity/5131,05/20/20
8,Help Lung Cancer Initiative,0.5057471264367817,https://www.lungcancerinitiativenc.org/,05/20/20
9,See,0.5402298850574713,https://activategood.org/opportunity,05/20/20
10,See COVID19,0.5632183908045977,https://activategood.org/covid19/,05/20/20
12,Do,0.6091954022988506,https://activategood.org/blog,05/20/20
13,Check Triangle,0.632183908045977,https://activategood.org/triangle-nonprofits-pandemic/,05/20/20
17,Donate Support Our Work,0.7586206896551724,https://activategood.org/donate,05/20/20
2,Watch Volunteer Thank You,0.09183673469387756,https://youtu.be/_Llxn-psvfI,04/22/20
3,Share Your Skills,0.45918367346938777,https://activategood.org/opportunity/5146,04/22/20
4,Curamericas,0.47959183673469385,https://www.curamericas.org/ourwork/,04/22/20
5,Create Art Garden,0.5,https://activategood.org/opportunity/5141,04/22/20
6,Wildwoods Community Farm Art,0.5204081632653061,http://wildwoodsfarmnc.com/,04/22/20
7,Send Thank You Cards Healthcare Workers,0.5510204081632653,https://www.unchealthcare.org/coronavirus/ways-to-help/,04/22/20
9,Donate Support Our Work,0.8163265306122449,https://activategood.org/donate,04/22/20
2,5 10 20,0.09345794392523364,http://www.activategood.org/giving,09/09/20
3,If 200,0.14953271028037382,https://activategood.org/giving/,09/09/20
4,We 68 Will,0.18691588785046728,https://activategood.org/giving/,09/09/20
5,Be 100,0.2336448598130841,https://activategood.org/giving/,09/09/20
7,Virtual Create BOOST Videos Academic Concepts,0.308411214953271,https://activategood.org/opportunity/5233,09/09/20
8,Join Activate Good Food Bank Raleigh Durham,0.37383177570093457,https://activategood.org/opportunity/5207,09/09/20
10,Virtual Make Video Your Career Workplace,0.40186915887850466,https://activategood.org/opportunity/5215,09/09/20
11,See United We Help,0.4485981308411215,https://activategood.org/unitedwehelp2020,09/09/20
12,See ALL,0.4672897196261682,https://activategood.org/opportunity,09/09/20
13,Genworth Mortgage Insurance,0.5794392523364486,https://www.genworth.com/,09/09/20
14,Music Jason Adamo Band,0.6355140186915887,https://www.jasonadamo.com/,09/09/20
15,Segment David Paine 911 Day,0.6448598130841121,https://911day.org/,09/09/20
16,Tune United We Help Virtual 911 Commemoration WRAL,0.6728971962616822,https://l.facebook.com/l.php?u=http://WRAL.com/&h=AT0sMrV9amyQsFZBCjcwxm2ylTQnmUehRMAycAldAUBCO0ZslNrEy1hbDnXSuJuRTiuMCutDn1SnkbnNiIWpkGYIhaFIKZpWObrpHBEJA216DLRlrqfrFpRgU0_OZQeS-9zWBmkk8TrpbhoAN27a80ciensxllzHRaKPQf6Q3A,09/09/20
19,Support Our Work,0.7383177570093458,http://www.activategood.org/donate,09/09/20
3,OPERATION ACCESS,0.06896551724137931,https://activategood.org/operationaccess/,04/11/20
4,HERE Volunteer,0.14942528735632185,https://activategood.org/operationaccess/,04/11/20
5,Write Mail Letters Isolated Seniors,0.22988505747126436,https://activategood.org/wp-content/uploads/2020/04/Op-Sr-Smiles-flyer-Apr2020.pdf,04/11/20
6,Raise Baby Chicks Home,0.27586206896551724,https://activategood.org/opportunity/5135,04/11/20
7,DIY Pie Tin,0.3333333333333333,https://activategood.org/wp-content/uploads/2020/04/RemoteVolunteerProject-UpcycledButterflyFeeders.pdf,04/11/20
8,Butterfly Feeders,0.3563218390804598,https://activategood.org/wp-content/uploads/2020/04/RemoteVolunteerProject-UpcycledButterflyFeeders.pdf,04/11/20
9,Keep Urgent Remote Volunteer,0.41379310344827586,https://activategood.org/covid19/,04/11/20
14,Do Check,0.5172413793103449,https://activategood.org/blog,04/11/20
17,Donate Support Our Work,0.7586206896551724,https://activategood.org/donate,04/11/20
2,Amber Activate MORE Good,0.057692307692307696,https://www.youtube.com/watch?v=JhSzcURo2bM,11/24/20
3,We Activate MORE Good,0.07692307692307693,https://activategood.org/activatemoregood/,11/24/20
4,We YOUR,0.10576923076923077,https://activategood.org/activatemoregood/,11/24/20
5,When Activate Good –,0.125,https://activategood.org/activatemoregood/,11/24/20
6,Donate Now,0.2403846153846154,https://activategood.org/activatemoregood/,11/24/20
8,The Virtual Volunteer Expo December 9th 12PM,0.3269230769230769,https://us02web.zoom.us/meeting/register/tZwkc-GurzkuE9A5uqvM-zDsD6LXtVC78W9Z,11/24/20
9,Register Here,0.40384615384615385,https://us02web.zoom.us/meeting/register/tZwkc-GurzkuE9A5uqvM-zDsD6LXtVC78W9Z,11/24/20
10,Be Holiday HERO,0.4423076923076923,https://activategood.org/opportunity/5411,11/24/20
11,Taylor Family YMCA NW Cary YMCA,0.46153846153846156,https://www.ymcatriangle.org/northwest-cary-ymca,11/24/20
12,Help Feed Hungry Kids,0.49038461538461536,https://activategood.org/opportunity/5398,11/24/20
13,Overflowing Hands Rocky Top Catering,0.5096153846153846,https://www.overflowinghands.org/,11/24/20
15,Prepare Angel Tree Items Distribution,0.5384615384615384,https://activategood.org/opportunity/5407,11/24/20
16,The Salvation Army Wake County Volunteers,0.5576923076923077,http://wwww.wakearmy.org/,11/24/20
17,Holiday Volunteering Pride Parents,0.5865384615384616,https://activategood.org/holidays2020,11/24/20
18,﻿Sign HERE,0.6346153846153846,https://activategood.org/prideforparents2020/,11/24/20
19,See ALL Triangle,0.6538461538461539,https://activategood.org/opportunity,11/24/20
20,Donate,0.6730769230769231,https://activategood.org/activatemoregood/,11/24/20
21,﻿That’ Activate Good,0.7115384615384616,https://activategood.org/,11/24/20
3,As 2020 Activate MORE Good,0.144,https://activategood.org/activatemoregood/,12/16/20
4,December 31,0.168,https://secure.lglforms.com/form_engine/s/M-VEDOANBwd-_X8_xLmpMg,12/16/20
6,Donate,0.192,https://secure.lglforms.com/form_engine/s/M-VEDOANBwd-_X8_xLmpMg,12/16/20
7,Join LAST Activate Good,0.208,https://ncsu.zoom.us/meeting/register/tJAudu2hpzIqHdNo9QQbCXbgq5JFkHqWArCh,12/16/20
9,LAST 2020 Community Town Hall December 30,0.248,https://ncsu.zoom.us/meeting/register/tJAudu2hpzIqHdNo9QQbCXbgq5JFkHqWArCh,12/16/20
10,Distribute Toys Holidays,0.28,https://activategood.org/opportunity/5407,12/16/20
11,The Salvation Army Christmas 7000,0.296,http://wwww.wakearmy.org/,12/16/20
12,Brighten Someone Day Handmade Card,0.32,https://activategood.org/opportunity/5416,12/16/20
13,Assemble Kits Preschoolers,0.36,https://activategood.org/opportunity/5430,12/16/20
14,December 17 Marbles WCPSS PNC PreK Packs,0.376,http://www.marbleskidsmuseum.org/,12/16/20
15,See,0.408,https://activategood.org/opportunity,12/16/20
16,MORE DATES Headshots Good,0.424,https://www.eventbrite.com/e/headshots-for-good-photo-sessions-benefitting-activate-good-tickets-127366072351,12/16/20
18,Here Donate 85,0.48,https://www.eventbrite.com/e/headshots-for-good-photo-sessions-benefitting-activate-good-tickets-127366072351,12/16/20
19,Photo Austin Dowd,0.568,https://www.austindowd.com/,12/16/20
20,Austin Dowd,0.584,https://www.austindowd.com/proofing/example-proofing-gallery,12/16/20
21,Learn More Headshots Good,0.6,https://www.eventbrite.com/e/headshots-for-good-photo-sessions-benefitting-activate-good-tickets-127366072351,12/16/20
23,At Gather Voices,0.648,https://www.gathervoices.co/,12/16/20
24,Raleigh JohnLaneDBAJTL,0.712,mailto:John.Lane@DBAJTL.com,12/16/20
2,Virtual Storytime Readers,0.037383177570093455,https://activategood.org/virtual-volunteer-readers/,05/13/20
3,Activate Good Learning Together,0.056074766355140186,https://www.learningtogether.org/,05/13/20
4,Sign Virtual Volunteer Reader HERE,0.22429906542056074,https://forms.gle/xhpLYnA55EkFj8zA7,05/13/20
6,Help Camden St Learning Garden Thrive,0.2803738317757009,https://foodshuttle.galaxydigital.com/agency/detail/?agency_id=93791,05/13/20
7,Get Weed Inter,0.29906542056074764,https://www.foodshuttle.org/,05/13/20
8,Develop,0.32710280373831774,https://activategood.org/opportunity/5155#tab-details,05/13/20
9,Use Community Partnerships,0.35514018691588783,https://activategood.org/opportunity/5155#tab-details,05/13/20
10,Sort Food Drive,0.38317757009345793,https://activategood.org/opportunity/5160,05/13/20
11,May 18 Help Durham Community Food Pantry,0.40186915887850466,https://www.catholiccharitiesraleigh.org/,05/13/20
12,Look Helpers,0.42990654205607476,https://docs.google.com/forms/d/e/1FAIpQLSeS4odBWMq1CurCt9lk0J90bqWVarVJ3zEgXkMzRDgSxYbxlQ/viewform,05/13/20
13,Learn,0.5794392523364486,https://docs.google.com/forms/d/e/1FAIpQLSeS4odBWMq1CurCt9lk0J90bqWVarVJ3zEgXkMzRDgSxYbxlQ/viewform,05/13/20
15,﻿Please,0.6355140186915887,https://docs.google.com/forms/d/e/1FAIpQLSeS4odBWMq1CurCt9lk0J90bqWVarVJ3zEgXkMzRDgSxYbxlQ/viewform,05/13/20
16,Also Triangle Nonprofits,0.6542056074766355,https://activategood.org/triangle-nonprofits-pandemic/,05/13/20
17,Activate Good,0.7009345794392523,https://activategood.org/,05/13/20
18,Support Our Work,0.7476635514018691,https://activategood.org/donate,05/13/20
2,Loeffler,0.1417910447761194,https://youtu.be/ZC-xixYVf-k,12/29/20
3,2021 Activate MORE Good There,0.16417910447761194,https://activategood.org/activatemoregood/,12/29/20
4,OR,0.17164179104477612,https://secure.lglforms.com/form_engine/s/M-VEDOANBwd-_X8_xLmpMg,12/29/20
5,December 31 2020,0.1791044776119403,https://secure.lglforms.com/form_engine/s/C2gvxcRzNFeZDSat3WlAWg,12/29/20
6,New Year,0.1865671641791045,https://activategood.org/past-impact-campaigns,12/29/20
7,Activate MORE Good,0.20149253731343283,https://activategood.org/activatemoregood,12/29/20
8,Teens Parents Help Package Hygiene Supplies Dignity Week,0.23134328358208955,https://activategood.org/opportunity/5446,12/29/20
9,Fight Hunger Food Bank,0.26865671641791045,https://activategood.org/opportunity/5406,12/29/20
10,Delivery Drivers Baggers More,0.30597014925373134,https://activategood.org/opportunity/5422,12/29/20
11,TABLE,0.3208955223880597,https://activategood.org/nonprofit/658,12/29/20
12,Sign MLK Day Service,0.3283582089552239,https://activategood.org/opportunity/5422,12/29/20
13,Browse Volunteer Needs,0.35074626865671643,https://activategood.org/opportunity,12/29/20
14,MORE Dates Headshots Good,0.3656716417910448,https://www.eventbrite.com/e/headshots-for-good-photo-sessions-benefitting-activate-good-tickets-127366072351,12/29/20
16,Activate Good,0.40298507462686567,https://www.eventbrite.com/e/headshots-for-good-photo-sessions-benefitting-activate-good-tickets-127366072351,12/29/20
17,Schedule Your Headshots Good,0.4253731343283582,https://www.eventbrite.com/e/headshots-for-good-photo-sessions-benefitting-activate-good-tickets-127366072351,12/29/20
18,Join Volunteer Expo,0.44029850746268656,https://us02web.zoom.us/meeting/register/tZIqd-qhqzsrG9B0To33AT4_MehowoyWFCky,12/29/20
20,Join Monday January 11 500 PM Virtual Volunteer,0.48507462686567165,https://us02web.zoom.us/meeting/register/tZIqd-qhqzsrG9B0To33AT4_MehowoyWFCky,12/29/20
21,Register January 11 Expo,0.5223880597014925,https://us02web.zoom.us/meeting/register/tZIqd-qhqzsrG9B0To33AT4_MehowoyWFCky,12/29/20
22,TOMORROW Activate Good Virtual Town Hall 2020,0.5522388059701493,https://ncsu.zoom.us/meeting/register/tJAudu2hpzIqHdNo9QQbCXbgq5JFkHqWArCh,12/29/20
24,RSVP December 30 Town Hall,0.6044776119402985,https://ncsu.zoom.us/meeting/register/tJAudu2hpzIqHdNo9QQbCXbgq5JFkHqWArCh,12/29/20
26,At Gather Voices,0.6492537313432836,https://www.gathervoices.co/,12/29/20
27,Raleigh JohnLaneDBAJTL,0.7089552238805971,mailto:John.Lane@DBAJTL.com,12/29/20
2,Community Partner Coronavirus,0.2361111111111111,https://activategood.org/coronavirus-nonprofit-report/,05/27/20
4,Download Community Partner Coronavirus Challenges Report,0.3055555555555556,https://activategood.org/coronavirus-nonprofit-report/,05/27/20
5,June 6 20 Fight Hunger Food Bank,0.3611111111111111,https://activategood.org/opportunity/5165,05/27/20
6,Collect Donate Garden Tools,0.4166666666666667,https://activategood.org/opportunity/5139,05/27/20
7,Ask Wildwoods Community Farm,0.4444444444444444,https://wildwoodsfarmnc.com/,05/27/20
8,Contribute Triangle Cause Wiki,0.4861111111111111,https://activategood.org/trianglecausewiki/,05/27/20
10,We 2019 Annual Report Check,0.5694444444444444,https://activategood.org/impacts/,05/27/20
11,Thank,0.5833333333333334,https://activategood.org/impacts/,05/27/20
12,That’ Activate Good,0.6527777777777778,https://activategood.org/,05/27/20
13,Donate,0.6944444444444444,https://activategood.org/donate,05/27/20
2,﻿It Summer Signs Good Sale﻿,0.017857142857142856,https://activategood.org/product/signs-for-good/,07/29/20
5,Choose,0.0625,https://activategood.org/product/signs-for-good/,07/29/20
6,Please Orders Sign,0.09821428571428571,https://activategood.org/product/signs-for-good/,07/29/20
7,Signs Good,0.16964285714285715,https://activategood.org/product/signs-for-good/,07/29/20
8,Learn,0.23214285714285715,https://activategood.org/signs/,07/29/20
9,Fight Hunger Food Bank,0.26785714285714285,https://activategood.org/opportunity/5163,07/29/20
10,Write Courage Cards Spanish,0.3125,https://activategood.org/opportunity/5193,07/29/20
11,Aug 15 Pantry Makeover,0.35714285714285715,https://activategood.org/opportunity/5236,07/29/20
12,Help Food Pantry The Alliance AIDS,0.375,https://www.aas-c.org/alliance-care-services/food-pantry.html,07/29/20
13,See,0.4017857142857143,https://activategood.org/opportunity,07/29/20
14,See COVID19 ﻿,0.41964285714285715,https://activategood.org/covid19,07/29/20
15,Aug 5 Train Project Leader,0.4375,https://activategood.org/opportunity/5235,07/29/20
16,Review,0.4642857142857143,https://activategood.org/opportunity/5235#tab-details,07/29/20
18,Support Our Efforts,0.5089285714285714,https://activategood.org/donate,07/29/20
19,﻿Wednesday July 29 530pm﻿,0.5803571428571429,https://us02web.zoom.us/meeting/register/tZMld-yuqj0pGtKZI0gFaxYxxohQfK9LWcMQ,07/29/20
23,RSVP,0.6785714285714286,https://us02web.zoom.us/meeting/register/tZYod-6oqjwrHtVgsTZ1mqBNKgG0OKYMd1V5,07/29/20
2,Operation Mask Up,0.03305785123966942,https://activategood.org/operationmaskup,09/30/20
4,Volunteers,0.11570247933884298,https://activategood.org/opportunity/5333,09/30/20
5,REGISTER,0.14049586776859505,https://activategood.org/opportunity/5333,09/30/20
6,﻿Families And Schools Together,0.17355371900826447,https://activategood.org/fast,09/30/20
8,Learn,0.2644628099173554,https://activategood.org/fast,09/30/20
9,Assemble Family Essentials Kits,0.2975206611570248,https://activategood.org/remote-volunteer-project-diy-family-essentials-kits/,09/30/20
10,Create DIY Toys Adoptable Pups,0.33884297520661155,https://activategood.org/remote-volunteer-project-diy-shirt-toys-dogs/,09/30/20
11,Upcycle Second,0.35537190082644626,http://www.secondchancenc.org/,09/30/20
12,Make Cards Isolated Seniors,0.38016528925619836,https://activategood.org/wp-content/uploads/2020/04/Op-Sr-Smiles-flyer-Apr2020.pdf,09/30/20
13,See Triangle,0.4297520661157025,https://activategood.org/opportunity,09/30/20
15,Register HERE,0.5702479338842975,https://us02web.zoom.us/meeting/register/tZ0sduuhqTkuHtf5rv8Jy7B82A_ZJa_RZT6Q,09/30/20
16,We 94 Will,0.6363636363636364,https://activategood.org/giving/,09/30/20
17,Be 100,0.6776859504132231,https://activategood.org/giving/,09/30/20
19,Email Lee,0.7272727272727273,mailto:Lee@activategood.org?subject=Newsletter Sponsor Inquiry,09/30/20
20,That’ Activate Good,0.7520661157024794,https://activategood.org/,09/30/20
2,New Headshots Good,0.011627906976744186,https://www.eventbrite.com/e/headshots-for-good-photo-sessions-benefitting-activate-good-tickets-127366072351,11/11/20
4,Here Donate 85,0.05232558139534884,https://www.eventbrite.com/e/headshots-for-good-photo-sessions-benefitting-activate-good-tickets-127366072351,11/11/20
5,Photo Austin Dowd,0.09302325581395349,https://www.austindowd.com/,11/11/20
6,Austin Dowd,0.10465116279069768,https://www.austindowd.com/proofing/example-proofing-gallery,11/11/20
7,Learn More Headshots Good,0.11627906976744186,https://www.eventbrite.com/e/headshots-for-good-photo-sessions-benefitting-activate-good-tickets-127366072351,11/11/20
8,Hunger Homelessness,0.12790697674418605,https://activategood.org/hunger-homelessness-week-2020/,11/11/20
9,Awareness Week Nov 1522,0.13953488372093023,https://activategood.org/hunger-homelessness-week-2020/,11/11/20
10,Join Activate Good November 15 22,0.1686046511627907,https://activategood.org/hunger-homelessness-week-2020/,11/11/20
11,Conducting Family Essentials Kits,0.18604651162790697,https://activategood.org/opportunity/5356,11/11/20
12,Raleigh Durham,0.19767441860465115,https://activategood.org/opportunity/5334#tab-what,11/11/20
14,Bagging Thanksgiving TABLE Carrboro,0.20348837209302326,https://activategood.org/opportunity/5355,11/11/20
16,See Hunger Homelessness Awareness Week,0.22674418604651161,https://activategood.org/hunger&homelessnessweek,11/11/20
17,The Activate Good Virtual Town Hall November 18 2020,0.23837209302325582,https://us02web.zoom.us/meeting/register/tZMpcOCvqz8uGtD8WSjMdclJ4Yft0uMskH-p,11/11/20
20,RSVP Community Town Hall November 18,0.26744186046511625,https://us02web.zoom.us/meeting/register/tZMpcOCvqz8uGtD8WSjMdclJ4Yft0uMskH-p,11/11/20
21,VOTE Activate Good Best Volunteer Organization WRAL,0.27906976744186046,https://wral5.secondstreetapp.com/2020-WRAL-Voters-Choice-Awards/gallery/?group=357635,11/11/20
24,1 Click HERE,0.313953488372093,https://wral5.secondstreetapp.com/2020-WRAL-Voters-Choice-Awards/gallery?group=357635,11/11/20
26,The TakeHome Service Project Kit Edition Brought Lenovo,0.4011627906976744,https://www.lenovo.com/us/en/,11/11/20
27,This Family Volunteer Day,0.4127906976744186,https://activategood.org/familyvolunteerday2020/,11/11/20
28,Learn More,0.4418604651162791,https://activategood.org/familyvolunteerday2020/,11/11/20
29,FAST Initiative,0.46511627906976744,https://activategood.org/fast,11/11/20
30,Be Morning Greeter Note Pocket,0.5,https://activategood.org/opportunity/5173,11/11/20
31,Internship Opportunity,0.5290697674418605,https://activategood.org/opportunity/5395,11/11/20
32,Sign,0.6511627906976745,https://activategood.org/opportunity/5374,11/11/20
33,See,0.6627906976744186,https://activategood.org/opportunity,11/11/20
35,﻿Email Lee,0.7034883720930233,mailto:Lee@activategood.org?subject=Newsletter Sponsor Inquiry,11/11/20
36,Support Our Work,0.7209302325581395,https://activategood.org/donate,11/11/20
2,Homebody A Chris Hendricks GivingTuesdayNow Charity Concert,0.034782608695652174,https://www.facebook.com/events/2644248899232364/,05/05/20
3,Chris Hendricks,0.06086956521739131,http://www.iamchrishendricks.com/,05/05/20
5,Due Coronavirus Activate Good Spring,0.09565217391304348,https://www.facebook.com/activategood/,05/05/20
8,This,0.17391304347826086,https://secure.lglforms.com/form_engine/s/Rkoj-1l4WVRIiWjqKEHuxA,05/05/20
10,HOW TO DONATE EVEN IF YOU CANT JOIN US TONIGHT,0.22608695652173913,https://secure.lglforms.com/form_engine/s/Rkoj-1l4WVRIiWjqKEHuxA,05/05/20
12,Triangle Thank,0.45217391304347826,https://secure.lglforms.com/form_engine/s/Rkoj-1l4WVRIiWjqKEHuxA,05/05/20
13,Guidestar Check,0.48695652173913045,https://www.guidestar.org/profile/20-3057526?fbclid=IwAR1hVPmSZc99Kkv52oJKWM2PaZYafyyprgMZqghP25-cwXRyWcgv7bjvcJQ,05/05/20
14,Supply Drive Boys Girls Clubs,0.5304347826086957,https://activategood.org/opportunity/5123,05/05/20
15,Research Grants Donations,0.5739130434782609,https://activategood.org/opportunity/5103#tab-what,05/05/20
16,Help Rusty Rescue Ranch,0.591304347826087,https://rustysrescueranch.com/,05/05/20
17,Courage Cards Teens,0.6173913043478261,https://activategood.org/opportunity/4146,05/05/20
18,Zach Toy Chest,0.6347826086956522,http://www.zachstoychest.org/,05/05/20
19,2017 Volunteer Music Video,0.6695652173913044,https://www.youtube.com/watch?v=0fDkaYSVkF4,05/05/20
21,Activate Good,0.7043478260869566,https://activategood.org/,05/05/20
22,Click,0.7304347826086957,https://activategood.org/donate,05/05/20
5,The Teens Change World Summer Program,0.10071942446043165,https://activategood.org/teenschangetheworld2019/,02/01/19
6,Registrations Now Open,0.1510791366906475,https://activategood.org/teenschangetheworld2019/,02/01/19
7,Also Help Teens Change World Donate,0.16546762589928057,https://activategood.org/teenschangetheworld2019/support/,02/01/19
8,Cabinet Sales Habitat Restore,0.2517985611510791,https://activategood.org/opportunity/4375#tab-what,02/01/19
9,After School Art Teacher,0.302158273381295,https://activategood.org/opportunity/4357#tab-details,02/01/19
10,Ultimate Frisbee Coach,0.35251798561151076,https://activategood.org/opportunity/4330#tab-what,02/01/19
11,Help Durham Teachers School Supplies,0.4316546762589928,https://activategood.org/opportunity/4374#tab-details,02/01/19
12,Backpack Buddies Packers,0.48201438848920863,https://activategood.org/opportunity/4365#tab-what,02/01/19
13,Communities Schools Tutor,0.5323741007194245,https://activategood.org/opportunity/4340#tab-details,02/01/19
14,Childcare Families Moving Forward,0.6115107913669064,https://activategood.org/opportunity/4380#tab-what,02/01/19
15,NC Art Museum Park Workday,0.6618705035971223,https://activategood.org/opportunity/4372#tab-shifts,02/01/19
16,Workday Durham Hub Farm,0.7122302158273381,https://activategood.org/opportunity/4343#tab-what,02/01/19
17,Activate Good,0.762589928057554,https://activategood.org/,02/01/19
18,Support,0.8057553956834532,https://activategood.org/donate,02/01/19
2,SmART Summer Supply Drive,0.03361344537815126,https://activategood.org/smart/,07/01/20
4,Finally The Loading Dock,0.23529411764705882,https://www.theloadingdock.com/,07/01/20
5,July 1 8 Pack Sort Donations Food Bank,0.2857142857142857,https://activategood.org/opportunity/5163,07/01/20
6,July 11 Prep Super Duper Duck Splash,0.3277310924369748,https://activategood.org/opportunity/5195,07/01/20
7,Update Client Info Database,0.3697478991596639,https://activategood.org/opportunity/5199,07/01/20
8,Speak CORA,0.3865546218487395,https://www.corafoodpantry.org/,07/01/20
9,See,0.4117647058823529,https://activategood.org/opportunity,07/01/20
10,See COVID19,0.42857142857142855,https://activategood.org/covid19/,07/01/20
11,Community Virtual Town Hall,0.46218487394957986,https://us02web.zoom.us/meeting/register/tZMld-yuqj0pGtKZI0gFaxYxxohQfK9LWcMQ,07/01/20
12,RSVP Zoom,0.5462184873949579,https://us02web.zoom.us/meeting/register/tZMld-yuqj0pGtKZI0gFaxYxxohQfK9LWcMQ,07/01/20
13,Activate Good Board,0.5966386554621849,https://www.linkedin.com/company/2248859/,07/01/20
14,Click,0.6302521008403361,https://activategood.org/join-board/,07/01/20
17,Donate Support PeoplePowered Projects Good,0.7815126050420168,https://activategood.org/donate,07/01/20
