link_num,string,link,date,cat
3,This National Volunteer Week April 713,https://activategood.org/nvw2019,4/3/19,Volunteer
4,View Current Volunteer Needs Sign Up,https://activategood.org/nvw2019,4/3/19,Volunteer
8,The Teens Change World Summer Program,https://activategood.org/teenschangetheworld2019/,4/3/19,Teens
9,Learn More Register Here,https://activategood.org/teenschangetheworld2019/,4/3/19,None
11,Art Education Teaching Assistant,https://activategood.org/opportunity/614#tab-what,4/3/19,Art
12,Fundraising Events Coordination,https://activategood.org/opportunity/4447#tab-what,4/3/19,None
13,Join Freedom United Board,https://activategood.org/opportunity/4273#tab-what,4/3/19,None
14,Kitten Schmoozing The Goathouse Refuge,https://activategood.org/opportunity/4505#tab-what,4/3/19,Animals
15,Front Desk Greeter,https://activategood.org/opportunity/2544#tab-what,4/3/19,None
16,Garden Days Alliance Medical Ministry,https://activategood.org/nonprofit/262,4/3/19,Garden
17,Beautify Durham School,https://activategood.org/opportunity/4445#tab-what,4/3/19,Other
18,Volunteer Triangle Walk End ALS,https://activategood.org/opportunity/3106#tab-what,4/3/19,ALS
19,Sound Alarm,https://activategood.org/opportunity/4508,4/3/19,None
21,Full Post Here,https://activategood.org/improve-your-health-by-volunteering/,4/3/19,None
22,Activate Good,https://activategood.org/,4/3/19,None
23,Support,https://activategood.org/donate,4/3/19,None
2,SmART Summer Supply Drive,https://activategood.org/smart/,6/10/20,Art
3,Check Wish List Drop,https://activategood.org/wp-content/uploads/2020/05/SmARTSummerSupplyDrive-WishListFINAL.pdf,6/10/20,None
4,Or Amazon Wish List,https://www.amazon.com/hz/wishlist/ls/H6EEWIVCSYZ3/ref=hz_ls_biz_ex,6/10/20,Other
5,Help Spread Word Share Amazon Wish List,https://www.amazon.com/gp/registry/wishlist/H6EEWIVCSYZ3/ref=cm_wl_huc_view,6/10/20,Other
6,Supply Wish List,https://activategood.org/wp-content/uploads/2020/05/SmARTSummerSupplyDrive-WishListFINAL.pdf,6/10/20,Other
8,Research Triangle Cause Wiki,https://activategood.org/trianglecausewiki/,6/10/20,None
9,Spanish Medical Translation,https://activategood.org/opportunity/2327,6/10/20,Languages
11,RSVP Zoom,https://us02web.zoom.us/meeting/register/tZ0rf-6upzssGtKgVMkznkdR1nZKg9aa9DVN,6/10/20,None
12,Read,https://activategood.org/black-led-triangle-nonprofits/,6/10/20,None
14,Groups Companies Complete,https://docs.google.com/forms/d/e/1FAIpQLSdt7CbAHESSoCWm_j3eKBO7KfJGKDNXcpqBNRoPawh9P8GH9Q/viewform?usp=sf_link,6/10/20,None
16,Donate Support PeoplePowered Projects Good,https://activategood.org/donate,6/10/20,None
3,Martin Luther King Jr,https://activategood.org/mlkday2020,1/3/20,MLK
4,Day Service 2020,https://activategood.org/mlkday2020,1/3/20,Other
5,Check,https://activategood.org/MLKday2020,1/3/20,None
7,Introducing Kindness Cards,https://activategood.org/kindness-cards/,1/3/20,Other
8,Support Kindness,https://secure.lglforms.com/form_engine/s/RaaHgiLa83lgC03MgNOvGQ,1/3/20,None
9,Card For 25 January 3 January 30,https://secure.lglforms.com/form_engine/s/RaaHgiLa83lgC03MgNOvGQ,1/3/20,Other
11,Festival Merchandiser,https://activategood.org/opportunity/4932#tab-details,1/3/20,None
12,Housing Advisor,https://activategood.org/opportunity/4823#tab-what,1/3/20,None
13,Volunteer Bookkeeping,https://activategood.org/opportunity/4980#tab-what,1/3/20,Volunteer
14,Power Hour Volunteers,https://activategood.org/opportunity/4868#tab-what,1/3/20,Volunteer
15,Event Planning Committee,https://activategood.org/opportunity/4848#tab-what,1/3/20,None
16,Special Olympics Intern,https://activategood.org/opportunity/4948#tab-what,1/3/20,None
17,Trail Building,https://activategood.org/opportunity/4974#tab-what,1/3/20,Other
18,Adoption Event Assistance,https://activategood.org/opportunity/4981#tab-what,1/3/20,Animals
19,Garden Days,https://activategood.org/opportunity/4839#tab-what,1/3/20,Garden
21,Activate Good,https://activategood.org/,1/3/20,None
22,Support,https://activategood.org/donate,1/3/20,None
2,Family Volunteer Day,https://activategood.org/familyvolunteerday2020/,10/28/20,Family
4,Learn,https://activategood.org/familyvolunteerday2020/,10/28/20,None
5,Learn More Family Volunteer Day 2020,https://activategood.org/familyvolunteerday2020/,10/28/20,Family
6,VOTE,https://wral5.secondstreetapp.com/2020-WRAL-Voters-Choice-Awards/gallery/?group=357635,10/28/20,None
7,Activate Good Best Volunteer Organization,https://wral5.secondstreetapp.com/2020-WRAL-Voters-Choice-Awards/gallery/?group=357635,10/28/20,Volunteer
9,1 Click HERE,https://wral5.secondstreetapp.com/2020-WRAL-Voters-Choice-Awards/gallery?group=357635,10/28/20,None
12,RSVP Community Town Hall November 4,https://us02web.zoom.us/meeting/register/tZElc-usrzouHd1goUtPKYkEDgKaHQAXz45_,10/28/20,None
13,Hunger Homelessness Awareness Week,https://activategood.org/hunger-homelessness-week-2020/,10/28/20,Hunger
15,Hunger Homelessness Awareness Week November 1522,https://hhweek.org/,10/28/20,Hunger
16,Join,https://activategood.org/hunger-homelessness-week-2020/,10/28/20,None
17,Thanksgiving,https://activategood.org/opportunity/5355,10/28/20,Holiday
18,Bag,https://activategood.org/opportunity/5355,10/28/20,None
19,Sort Goods Good,https://activategood.org/opportunity/5357,10/28/20,None
21,Join Activate Good Raleigh Durham Food Bank,https://activategood.org/opportunity/5334,10/28/20,Hunger
23,See,https://activategood.org/opportunity,10/28/20,None
24,Learn The Giving Block,https://www.thegivingblock.com/contact,10/28/20,None
26,﻿Email Lee,mailto:Lee@activategood.org?subject=Newsletter Sponsor Inquiry,10/28/20,None
27,Support Our Work,https://activategood.org/donate,10/28/20,None
5,The Teens Change World Summer Program,https://activategood.org/teenschangetheworld2019/,5/1/19,Teens
6,Learn More Register Here,https://activategood.org/teenschangetheworld2019/,5/1/19,None
7,Also Help Teens Change World Donate,https://activategood.org/teenschangetheworld2019/support/,5/1/19,Teens
9,Learn More Participate Here,https://activategood.org/cookbook/,5/1/19,None
11,Fundraising Events Coordination,https://activategood.org/opportunity/4447#tab-what,5/1/19,None
12,Registered Dietition Nutritionist,https://activategood.org/opportunity/4530#tab-shifts,5/1/19,None
13,Therapeutic Horsebackriding,https://activategood.org/opportunity/4331#tab-shifts,5/1/19,Animals
14,Garden Days Alliance Medical Ministry,https://activategood.org/nonprofit/262,5/1/19,Garden
15,Building Community,https://activategood.org/opportunity/4532#tab-what,5/1/19,Other
16,Artsplosure 2019,https://activategood.org/opportunity/4533#tab-what,5/1/19,Art
17,May Fourth Be With You,https://activategood.org/opportunity/4539#tab-what,5/1/19,Holiday
18,Groceries Seniors,https://activategood.org/opportunity/4544#tab-what,5/1/19,Seniors
19,Full Post Here,https://activategood.org/and-the-rest-was-history-a-volunteer-story/,5/1/19,None
21,Activate Good,https://activategood.org/,5/1/19,None
22,Support,https://activategood.org/donate,5/1/19,None
2,﻿Complete,https://docs.google.com/forms/d/e/1FAIpQLSdt7CbAHESSoCWm_j3eKBO7KfJGKDNXcpqBNRoPawh9P8GH9Q/viewform?usp=sf_link,6/24/20,None
4,Support Our Efforts,https://activategood.org/donate,6/24/20,None
5,June 27 Build Stage,https://activategood.org/opportunity/5186,6/24/20,None
6,Help CORRAL Riding Academy,https://corralriding.org/,6/24/20,Other
7,June 2627 Help Dress Success Shoppers,https://activategood.org/opportunity/5179,6/24/20,None
8,June 27 Paint Rocks Victory Garden,https://activategood.org/opportunity/5192,6/24/20,Veterns
9,Wildwoods Community Farm Victory Garden,http://wildwoodsfarmnc.com/,6/24/20,Veterns
12,RSVP,https://us02web.zoom.us/meeting/register/tZMld-yuqj0pGtKZI0gFaxYxxohQfK9LWcMQ,6/24/20,None
2,Part 2 Activate Good 45000,https://activategood.org/,9/23/20,None
6,Families And Schools Together,https://activategood.org/FAST,9/23/20,School
7,Learn,https://activategood.org/fast,9/23/20,None
8,﻿If HERE,https://youtu.be/OLWmf0eacOM,9/23/20,None
9,Our United We Help Virtual 911 Commemoration,https://www.youtube.com/watch?v=OLWmf0eacOM&t=1s&ab_channel=ActivateGood,9/23/20,9/11 M
11,Learn,https://attendedevents.com/,9/23/20,None
13,Support Our Efforts,https://activategood.org/donate,9/23/20,None
14,Only 1 United We Help Month,http://www.activategood.org/united,9/23/20,Other
17,Help Sort Stock Distribute,https://activategood.org/opportunity/5169,9/23/20,Hunger
18,Western Wake Crisis Ministry,http://www.wwcm.org/,9/23/20,Faith
19,Virtual Give BOOST,https://activategood.org/opportunity/5233,9/23/20,None
21,Collect,https://activategood.org/remote-volunteer-project-diy-family-essentials-kits/,9/23/20,None
25,View United We Help Volunteer Opportunities HERE,https://activategood.org/unitedwehelp2020,9/23/20,Volunteer
26,See Community Partners,https://activategood.org/opportunity,9/23/20,None
27,That’ Activate Good,https://activategood.org/,9/23/20,None
4,Grant Writer Researcher,https://activategood.org/opportunity/4291#tab-what,1/2/19,Other
5,Basketball Tennis Instructors,https://activategood.org/opportunity/4249,1/2/19,Other
6,Use Legal Knowledge Good,https://activategood.org/opportunity/4054#tab-what,1/2/19,None
7,Miracle League Triangle,https://activategood.org/opportunity/4313#tab-what,1/2/19,None
8,NC Therapeutic Riding Center,https://activategood.org/opportunity/4315#tab-what,1/2/19,Other
9,Free Food Fridays Salvation Army,https://activategood.org/opportunity/3963#tab-what,1/2/19,Hunger
11,Distribute Warmth Wake,https://activategood.org/opportunity/432#tab-what,1/2/19,Other
12,Deliver Grocery Bags Seniors Durham,https://activategood.org/opportunity/4304#tab-what,1/2/19,Seniors
13,Activate Good,https://activategood.org/,1/2/19,None
14,Support,https://activategood.org/donate,1/2/19,None
2,5 10 20,http://www.activategood.org/giving,9/16/20,None
3,﻿Here We If,https://activategood.org/giving/,9/16/20,None
4,We 79 Will,https://activategood.org/giving/,9/16/20,None
5,Be 100,https://activategood.org/giving/,9/16/20,None
6,Learn,https://activategood.org/youth-giving-and-philanthropy/,9/16/20,None
7,When,http://www.activategood.org/giving,9/16/20,None
8,Youth Giving Program,https://www.youtube.com/watch?v=5keqQTWf09M&feature=youtu.be,9/16/20,Youth
11,September 20 Pepper Fest,https://activategood.org/opportunity/5053,9/16/20,None
12,Safe InPerson Family,https://activategood.org/opportunity/5247,9/16/20,None
13,See United We Help,https://activategood.org/unitedwehelp2020,9/16/20,None
14,Join United We Help Virtual Learning Session Education,https://us02web.zoom.us/meeting/register/tZUrduChrDgpHNFptu4DUk7YKGqbP34kGSHP,9/16/20,None
15,916 Homelessness 924 Unemployment 928,https://us02web.zoom.us/meeting/register/tZcrceCrqT0oEtdrp-JVpTFm3Q6OlB_PkkS0,9/16/20,Homelessness
17,See ALL Triangle,https://activategood.org/opportunity,9/16/20,None
18,See All United We Help Initiatives Here,https://activategood.org/united/,9/16/20,None
19,That’ Activate Good,https://activategood.org/,9/16/20,None
3,October 7 530pm Register HERE,https://us02web.zoom.us/meeting/register/tZ0sduuhqTkuHtf5rv8Jy7B82A_ZJa_RZT6Q,10/7/20,None
5,Our BACK,https://activategood.org/product/signs-for-good-hoodies/,10/7/20,None
6,Winter “Signs Good”,https://activategood.org/product/signs-for-good-hoodies/,10/7/20,None
7,While SignsGood,https://activategood.org/product/signs-for-good/,10/7/20,None
8,October 19 Brew Good Do Good Coffee,https://activategood.org/product/larrys-limited-edition-coffee-brew-good-blend/,10/7/20,None
9,Triangle Golf Tournament Event Volunteer,https://activategood.org/opportunity/5348#tab-what,10/7/20,Volunteer
11,Warehouse Pantry Volunteer,https://activategood.org/opportunity/5316#tab-what,10/7/20,Volunteer
12,Families And Schools Together,https://activategood.org/fast,10/7/20,Family
13,Operation Mask Up,https://activategood.org/operationmaskup,10/7/20,COVID
14,DIY Project Family Essentials Kits,https://activategood.org/remote-volunteer-project-diy-family-essentials-kits/,10/7/20,None
15,See,https://activategood.org/opportunity,10/7/20,None
18,Email Lee,mailto:Lee@activategood.org?subject=Newsletter Sponsor Inquiry,10/7/20,None
19,That’ Activate Good,https://activategood.org/,10/7/20,None
6,Virtual Learning Series,https://activategood.org/united,8/19/20,None
7,Join United We,https://activategood.org/united,8/19/20,None
14,United We Help Month Virtual Service Sponsor Wells Fargo,https://www.wellsfargo.com/,8/19/20,None
15,Virtual 911 Commemoration Sponsor Genworth Mortgage Insurance,https://new.mortgageinsurance.genworth.com/,8/19/20,9/11 M
16,Thank You HZO WRAL Attended Events,https://www.hzo.com/,8/19/20,None
21,See HERE,https://www.eventbrite.com/e/activate-good-wcpss-call-for-volunteers-operation-access-5-locations-tickets-115895078299,8/19/20,None
22,Food Pantry Distribution Set,https://activategood.org/opportunity/5251,8/19/20,Hunger
23,Movers,https://activategood.org/opportunity/5253,8/19/20,None
24,Help Women Center,http://www.wcwc.org/,8/19/20,Women
25,Social Media Volunteer,https://activategood.org/opportunity/5260#tab-what,8/19/20,Volunteer
26,See Community Partners,https://activategood.org/opportunity,8/19/20,None
27,That’ Activate Good,https://activategood.org/,8/19/20,None
28,Donate NOW,https://activategood.org/donate,8/19/20,None
3,Choose 100,https://activategood.org/911day2019,8/5/19,None
4,In Marbles Kids Museum,https://911eveningcommemoration2019.eventbrite.com/,8/5/19,Kids
5,View 911 Day Service Volunteer Projects Sign Up,https://activategood.org/911day2019,8/5/19,9/11 M
6,Pre 911 Day Service 2019 August 21,https://activategood.org/product/9-11-day-of-service-2019-t-shirt/,8/5/19,9/11 M
7,PreOrder 911 Day Service Shirt,https://activategood.org/product/9-11-day-of-service-2019-t-shirt/,8/5/19,9/11 M
9,Host Family,https://activategood.org/opportunity/4502#tab-what,8/5/19,Adoption
11,Childcare Volunteer,https://activategood.org/opportunity/4756#tab-what,8/5/19,Kids
12,Women Center Wake County,https://activategood.org/opportunity/4631#tab-what,8/5/19,Women
13,Monthly Adoption Event,https://activategood.org/opportunity/4563#tab-what,8/5/19,Adoption
14,Gardening Wildwoods,https://activategood.org/opportunity/3884#tab-what,8/5/19,Garden
15,Family Fun Night,https://activategood.org/opportunity/4741#tab-what,8/5/19,Family
16,August Orientation,https://activategood.org/opportunity/4603#tab-what,8/5/19,Other
17,Survey Interceptor,https://activategood.org/opportunity/4748,8/5/19,None
18,View,https://activategood.org/opportunity,8/5/19,None
19,Activate Good,https://activategood.org/,8/5/19,None
2,Activate MORE Good,https://activategood.org/activatemoregood/,12/9/20,None
3,Visit December,https://activategood.org/activatemoregood/,12/9/20,None
4,Meka,https://youtu.be/Rv9vdG1XFoQ,12/9/20,None
5,Kevin,https://youtu.be/_gDFl4vabqs,12/9/20,None
6,When Activate Good,https://activategood.org/impacts/,12/9/20,None
7,Activate MORE Good,https://activategood.org/activatemoregood,12/9/20,None
8,In Development,mailto:lee@activategood.org,12/9/20,None
12,RSVP Town Hall December 30,https://ncsu.zoom.us/meeting/register/tJAudu2hpzIqHdNo9QQbCXbgq5JFkHqWArCh,12/9/20,None
13,Operation Mask Up,https://activategood.org/operationmaskup/,12/9/20,COVID
14,Be Holiday Hero,https://activategood.org/opportunity/5411,12/9/20,Holiday
15,Where We Christmas Sign,"https://linkprotect.cudasvc.com/url?a=https://ismyrotaryclub.com/Click/?_uid=7710330&_ctid=1741452&redirect=https://www.signupgenius.com/go/10C0E48A9AE2DA4F49-christmas&c=E,1,r4fYDettRWx5TIExGIkStvkFSsbchrMgkJ1IqaDb4EJoBTForIR9v5PqwIpsPk6eEvn0qE-5-fTMai6vTCYpfhMMTu7wC9u1haHhDsfIwZ5cGsmm&typo=1",12/9/20,Holiday
16,Provide Christmas Items Over 7000,https://activategood.org/opportunity/5407,12/9/20,Holiday
17,Salvation Army Wake County Angel Tree Items,http://wwww.wakearmy.org/,12/9/20,Holiday
19,Holiday Volunteering,https://activategood.org/holidays2020,12/9/20,Holiday
22,Monday December 14 Spirit Night Wake County Papa Murphy,https://www.papamurphys.com/,12/9/20,Holiday
24,At Gather Voices,https://www.gathervoices.co/,12/9/20,None
25,Raleigh JohnLaneDBAJTL,mailto:John.Lane@DBAJTL.com,12/9/20,None
3,HERE,https://activategood.org/Hunger&HomelessnessWeek,11/4/20,None
4,And Hunger Homelessness,https://activategood.org/hunger-and-homelessness-in-the-triangle/,11/4/20,Hunger
5,Saturday November 21 Family Volunteer Day,https://activategood.org/familyvolunteerday2020/,11/4/20,Family
6,Presented Lenovo,https://www.lenovo.com/us/en/,11/4/20,None
8,Register Family Volunteer Day,https://www.eventbrite.com/e/family-volunteer-day-2020-the-take-home-service-project-kit-edition-tickets-126454894995,11/4/20,Family
9,Virtual Community Town Hall,https://us02web.zoom.us/meeting/register/tZElc-usrzouHd1goUtPKYkEDgKaHQAXz45_,11/4/20,None
11,Register HERE,https://us02web.zoom.us/meeting/register/tZElc-usrzouHd1goUtPKYkEDgKaHQAXz45_,11/4/20,None
12,VOTE Activate Good Best Volunteer Organization,https://wral5.secondstreetapp.com/2020-WRAL-Voters-Choice-Awards/gallery/?group=357635,11/4/20,Volunteer
15,1 Click HERE,https://wral5.secondstreetapp.com/2020-WRAL-Voters-Choice-Awards/gallery/?group=357635,11/4/20,None
16,Create,https://activategood.org/opportunity/5386,11/4/20,None
17,Volunteer Workdays Horses Hope,https://activategood.org/opportunity/5373,11/4/20,Volunteer
18,Habitat ReStore,https://activategood.org/opportunity/3980,11/4/20,Other
19,Now Chatham Habitat Humanity,http://chathamhabitat.org/,11/4/20,Other
21,Support Our Work,https://activategood.org/donate,11/4/20,None
22,﻿That’ Activate Good,https://activategood.org/,11/4/20,None
2,Virtual Community Town Hall TONIGHT,https://us02web.zoom.us/meeting/register/tZAufuGtrD4pG9XA8D-c-l3bCUqIPFQGvwqn,8/26/20,None
3,﻿Register HERE,https://us02web.zoom.us/meeting/register/tZAufuGtrD4pG9XA8D-c-l3bCUqIPFQGvwqn,8/26/20,None
8,Virtual Learning Series,https://activategood.org/united,8/26/20,None
9,Check United We Help Month Service Learning Series Join,https://activategood.org/united,8/26/20,None
16,United We Help Month Virtual Service Sponsor Wells Fargo,https://www.wellsfargo.com/,8/26/20,None
17,Virtual 911 Commemoration Sponsor Genworth Mortgage Insurance,https://new.mortgageinsurance.genworth.com/,8/26/20,9/11 M
18,Thank You HZO WRAL Attended Events,https://www.hzo.com/,8/26/20,None
22,See HERE,https://www.eventbrite.com/e/activate-good-wcpss-call-for-volunteers-operation-access-5-locations-tickets-115895078299,8/26/20,None
23,For Operation Access Part 2 WCPSS,http://www.activategood.org/operationaccesspart2,8/26/20,Other
24,We THIS WEEK AND NEXT,https://www.eventbrite.com/e/activate-good-wcpss-call-for-volunteers-operation-access-5-locations-tickets-115895078299,8/26/20,None
25,Support Our Efforts,https://activategood.org/donate,8/26/20,None
26,August 29 Stock Food Families Need,https://activategood.org/opportunity/5264,8/26/20,Hunger
27,Virtual Give BOOST,https://activategood.org/opportunity/5233,8/26/20,None
28,August 26 29 Fight Hunger Food Bank,https://activategood.org/opportunity/5163,8/26/20,Hunger
29,See Community Partners,https://activategood.org/opportunity,8/26/20,None
2,Join Expo December 9,https://us02web.zoom.us/meeting/register/tZwkc-GurzkuE9A5uqvM-zDsD6LXtVC78W9Z,12/2/20,None
4,RSVP Volunteer Expo HERE,https://us02web.zoom.us/meeting/register/tZwkc-GurzkuE9A5uqvM-zDsD6LXtVC78W9Z,12/2/20,Volunteer
5,Holiday Volunteer Opportunities,https://activategood.org/holidays2020,12/2/20,Volunteer
6,Help Feed Hungry Kids,https://activategood.org/opportunity/5398,12/2/20,Hunger
7,Overflowing Hands Rocky Top Catering,https://www.overflowinghands.org/,12/2/20,None
9,REMOTE Create Cards Men Shelters,https://activategood.org/opportunity/5416,12/2/20,Men
11,Pride For Parents,https://activategood.org/prideforparents2020/,12/2/20,Family
12,See,https://activategood.org/opportunity,12/2/20,None
13,Activate MORE Good Activate Good,https://activategood.org/activatemoregood/,12/2/20,None
14,We YOUR Here,https://activategood.org/activatemoregood/,12/2/20,None
16,Ready Activate MORE Good,http://www.activategood.org/activatemoregood,12/2/20,None
18,﻿Email Lee,mailto:Lee@activategood.org?subject=Newsletter Sponsor Inquiry,12/2/20,None
3,For Operation Access Part 2 40000,http://www.activategood.org/operationaccesspart2,8/12/20,Other
4,Check HERE,https://www.eventbrite.com/e/activate-good-wcpss-call-for-volunteers-operation-access-5-locations-tickets-115895078299,8/12/20,None
5,See HERE,https://www.eventbrite.com/e/activate-good-wcpss-call-for-volunteers-operation-access-5-locations-tickets-115895078299,8/12/20,None
6,﻿Wednesday August 12 530pm﻿,https://us02web.zoom.us/meeting/register/tZYkc-iorjktHtWzU1flW8EMG1QySCPdxk-n,8/12/20,None
9,RSVP,https://us02web.zoom.us/meeting/register/tZYkc-iorjktHtWzU1flW8EMG1QySCPdxk-n,8/12/20,None
13,Choose,https://activategood.org/product/signs-for-good/,8/12/20,None
14,Please Orders,https://activategood.org/product/signs-for-good/,8/12/20,None
15,Signs Good,https://activategood.org/product/signs-for-good/,8/12/20,None
16,Aug 15 Book Bag Drive Thru,https://activategood.org/opportunity/5250,8/12/20,Other
17,Join Boys Girls Club,http://wakebgc.org/,8/12/20,Kids
18,Aug 15 Pantry Makeover,https://activategood.org/opportunity/5236,8/12/20,Hunger
19,Help Food Pantry The Alliance AIDS,https://www.aas-c.org/alliance-care-services/food-pantry.html,8/12/20,Hunger
21,See,https://activategood.org/opportunity,8/12/20,None
22,See COVID19 ﻿,https://activategood.org/covid19,8/12/20,COVID
24,Sign HERE,http://www.activategood.org/united,8/12/20,None
25,Support Our Efforts,https://activategood.org/donate,8/12/20,None
2,If,https://activategood.org/covid19/,3/17/20,None
5,covid19,https://activategood.org/covid19/,3/17/20,COVID
6,Activate Good,https://activategood.org/remote,3/17/20,None
7,Volunteer Interest,https://docs.google.com/forms/d/e/1FAIpQLSf7SmiF1wB5iRgF_nY0t8nsyrBrhq6XLiVUfATtVUFQewznmw/viewform,3/17/20,Volunteer
8,Website Updates,https://activategood.org/opportunity/4472,3/17/20,None
9,Courage Cards,https://activategood.org/opportunity/4146,3/17/20,Other
11,Virtual Ambassadors,https://activategood.org/opportunity/5124,3/17/20,None
12,Deliver Note Pocket,https://activategood.org/opportunity/5127,3/17/20,None
13,Grant Research,https://activategood.org/opportunity/5103,3/17/20,Other
14,Activate Good,https://activategood.org/,3/17/20,None
15,Support,https://activategood.org/donate,3/17/20,None
2,Activate Good,http://www.activategood.org/,7/8/20,None
3,Click,https://activategood.org/join-board/,7/8/20,None
4,﻿Operation Summer Hunger﻿,https://activategood.org/operationsummerhunger/,7/8/20,Hunger
7,﻿Operation Summer Hunger Activate Good’,https://activategood.org/operationsummerhunger/,7/8/20,Hunger
8,Check Operation Summer Hunger,https://activategood.org/operationsummerhunger/,7/8/20,Hunger
9,Write Courage Cards Spanish,https://activategood.org/opportunity/5193,7/8/20,Languages
11,July 12 Grow Garden Group,https://activategood.org/opportunity/5188,7/8/20,Garden
12,Interested Attend Zoom Soil,https://www.soiltrotters.org/,7/8/20,None
13,See,https://activategood.org/opportunity,7/8/20,None
14,See COVID19,https://activategood.org/covid19,7/8/20,COVID
15,Support Our Efforts,https://activategood.org/donate,7/8/20,None
16,﻿Wednesday July 15 530pm﻿,https://us02web.zoom.us/meeting/register/tZMld-yuqj0pGtKZI0gFaxYxxohQfK9LWcMQ,7/8/20,None
2,GivingTuesday,https://secure.lglforms.com/form_engine/s/Rkoj-1l4WVRIiWjqKEHuxA,12/3/19,Other
3,Support,https://secure.lglforms.com/form_engine/s/Rkoj-1l4WVRIiWjqKEHuxA,12/3/19,None
4,This Activate Good We,https://activategood.org/,12/3/19,None
7,This GivingTuesday MORE,https://secure.lglforms.com/form_engine/s/Rkoj-1l4WVRIiWjqKEHuxA,12/3/19,None
8,Your,https://secure.lglforms.com/form_engine/s/Rkoj-1l4WVRIiWjqKEHuxA,12/3/19,None
9,Plan Days Service,https://activategood.org/daysofservice/,12/3/19,None
11,Host Teens Change World Summer Program,https://activategood.org/teenschangetheworld/,12/3/19,Teens
12,Meet 20202021 The Good Hub,https://activategood.org/thegoodhub/,12/3/19,None
13,Donate Every,http://www.activategood.org/singlegift,12/3/19,None
15,Looking Check,https://activategood.org/holidays2019,12/3/19,None
17,Join Board,https://activategood.org/opportunity/4845#tab-what,12/3/19,None
18,Social Media Volunteer,https://activategood.org/opportunity/4817#tab-what,12/3/19,Volunteer
19,Festival Merchandiser,https://activategood.org/opportunity/4932#tab-details,12/3/19,None
21,Volunteer Admin Assistant,https://activategood.org/opportunity/4945#tab-what,12/3/19,Volunteer
22,Warmth Wake,https://activategood.org/opportunity/432#tab-what,12/3/19,Other
23,Donation Sorting,https://activategood.org/opportunity/4917#tab-what,12/3/19,None
24,Garden Work Day,https://activategood.org/opportunity/4946#tab-what,12/3/19,Garden
25,Youth Tournament,https://activategood.org/opportunity/4944#tab-what,12/3/19,Other
26,View,https://activategood.org/opportunity,12/3/19,None
27,Activate Good,https://activategood.org/,12/3/19,None
28,Support,https://activategood.org/donate,12/3/19,None
3,Sign Middle Mile,https://docs.google.com/forms/d/e/1FAIpQLSc7hxiJOXuENpd550X3sbbHr--CDDBhV2I74go-fKPtJ3WPBg/viewform,6/17/20,None
4,Get All Details Sign Up,https://docs.google.com/forms/d/e/1FAIpQLSc7hxiJOXuENpd550X3sbbHr--CDDBhV2I74go-fKPtJ3WPBg/viewform,6/17/20,None
5,﻿Join TONIGHT,https://us02web.zoom.us/meeting/register/tZ0rf-6upzssGtKgVMkznkdR1nZKg9aa9DVN,6/17/20,None
6,RSVP,https://us02web.zoom.us/meeting/register/tZ0rf-6upzssGtKgVMkznkdR1nZKg9aa9DVN,6/17/20,None
7,Support Our Work,https://activategood.org/donate,6/17/20,None
8,Send Smile,https://activategood.org/wp-content/uploads/2020/06/SendASmile_digital.pdf,6/17/20,None
9,Transitions LifeCare,https://transitionslifecare.org/,6/17/20,Other
11,Ask Wildwoods Community Farm,https://wildwoodsfarmnc.com/,6/17/20,Animals
12,DIY Dog Toys,https://activategood.org/remote-volunteer-project-diy-shirt-toys-dogs/,6/17/20,Animals
13,Upcycle Second Chance,https://www.secondchancenc.org/,6/17/20,Other
14,See Triangle,https://activategood.org/opportunity,6/17/20,None
15,﻿Complete,https://docs.google.com/forms/d/e/1FAIpQLSdt7CbAHESSoCWm_j3eKBO7KfJGKDNXcpqBNRoPawh9P8GH9Q/viewform?usp=sf_link,6/17/20,None
17,Support Our Work,https://activategood.org/donate,6/17/20,None
3,Activate MORE Good,https://activategood.org/activatemoregood/,12/21/20,None
6,Also Visit Activate MORE Good December,https://activategood.org/activatemoregood/,12/21/20,None
7,Loeffler,https://youtu.be/sUOonhxXw6c,12/21/20,None
8,Donate Activate MORE Good,https://activategood.org/activatemoregood,12/21/20,None
9,Contact Development Coordinator Lee Posey Pike,mailto:lee@activategood.org,12/21/20,None
12,RSVP Town Hall December 30,https://ncsu.zoom.us/meeting/register/tJAudu2hpzIqHdNo9QQbCXbgq5JFkHqWArCh,12/21/20,None
13,Operation Mask Up,https://activategood.org/opportunity/5333,12/21/20,COVID
16,Sign,https://activategood.org/opportunity/5333,12/21/20,None
17,NEW Operation Bare Necessities,https://activategood.org/operation-bare-necessities/,12/21/20,None
19,Sign Diaper Bank Durham January,https://activategood.org/opportunity/5440,12/21/20,None
22,At Gather Voices,https://www.gathervoices.co/,12/21/20,None
23,Raleigh JohnLaneDBAJTL,mailto:John.Lane@DBAJTL.com,12/21/20,None
2,Complete Teen Parent HERE,https://activategood.org/teenschangetheworld2019/,7/8/19,Family
3,July 1519,https://activategood.org/wp-content/uploads/2019/05/TeensChangeTheWorld-Week22019.pdf,7/8/19,None
7,The Teens Change World Summer Program,https://activategood.org/teenschangetheworld2019/,7/8/19,Teens
8,Learn More Register Here,https://activategood.org/teenschangetheworld2019/,7/8/19,None
12,The 911 Day Service Let,https://activategood.org/teenschangetheworld2019/,7/8/19,9/11 M
13,Check Group Interest Form You,https://activategood.org/911day2019-grouppreregistration/,7/8/19,None
14,Learn More Register Here,https://activategood.org/911day2019-grouppreregistration/,7/8/19,None
15,Recycle Coordinator,https://activategood.org/opportunity/4437#tab-what,7/8/19,Nature
16,Farm Days,https://activategood.org/opportunity/3329#tab-what,7/8/19,Other
17,Art Teaching Assistant,https://activategood.org/opportunity/614#tab-what,7/8/19,Art
18,Puppy Time,https://activategood.org/opportunity/4563#tab-what,7/8/19,Animals
19,Shelter Sorting,https://activategood.org/opportunity/4631#tab-shifts,7/8/19,Other
21,Women Theatre Festival,https://activategood.org/opportunity/4568#tab-what,7/8/19,Art
22,Crosby Community Day,https://activategood.org/opportunity/4605#tab-what,7/8/19,None
23,iCan Bike Camp,https://activategood.org/opportunity/4663#tab-what,7/8/19,Other
24,Activate Good,https://activategood.org/,7/8/19,None
25,Support,https://activategood.org/donate,7/8/19,None
2,Operation Summer Hunger,https://activategood.org/operationsummerhunger/,7/21/20,Hunger
4,Operation Summer Hunger Activate Good’,https://activategood.org/operationsummerhunger/,7/21/20,Hunger
5,Virtual Town Hall,https://us02web.zoom.us/meeting/register/tZYod-6oqjwrHtVgsTZ1mqBNKgG0OKYMd1V5,7/21/20,None
6,RSVP Zoom,https://us02web.zoom.us/meeting/register/tZYod-6oqjwrHtVgsTZ1mqBNKgG0OKYMd1V5,7/21/20,None
7,﻿Update,https://activategood.org/opportunity/5199,7/21/20,None
8,Help CORA Food Pantry,https://www.corafoodpantry.org/,7/21/20,Hunger
9,﻿Grab Go Read,https://activategood.org/opportunity/5219,7/21/20,None
11,Build Tiny Houses,https://activategood.org/opportunity/5224,7/21/20,Other
12,Join Wildwoods Community Farm,http://wildwoodsfarmnc.com/,7/21/20,None
13,Monthly Giving Program Update,https://secure.lglforms.com/form_engine/s/9krEk8xlVTtTcNGy_0EyDg,7/21/20,None
15,Join Our Monthly Giving Community,https://secure.lglforms.com/form_engine/s/9krEk8xlVTtTcNGy_0EyDg,7/21/20,None
16,United We Help September 130,https://activategood.org/united,7/21/20,None
17,Stay United We Help,https://activategood.org/united/,7/21/20,None
18,Groups Companies Complete,https://docs.google.com/forms/d/e/1FAIpQLSdt7CbAHESSoCWm_j3eKBO7KfJGKDNXcpqBNRoPawh9P8GH9Q/viewform?usp=sf_link,7/21/20,None
3,Check HERE,https://activategood.org/operationaccesspart2/,8/5/20,None
4,See All Details Sign Up,https://activategood.org/operationaccesspart2/,8/5/20,None
5,Aug 8 Fight Hunger Food Bank,https://activategood.org/opportunity/5163#tab-shifts,8/5/20,Hunger
6,Sort Pack Books,https://activategood.org/opportunity/5239,8/5/20,None
7,Skilled Volunteer Refrigerator Repair Professional,https://activategood.org/opportunity/5238,8/5/20,Volunteer
8,CAARE Food Pantry,https://www.caare-inc.org/,8/5/20,Hunger
9,Aug 5 Train Project Leader,https://activategood.org/opportunity/5235,8/5/20,Other
12,See,https://activategood.org/opportunity,8/5/20,None
13,See COVID19,https://activategood.org/covid19,8/5/20,COVID
14,Support Our Efforts,https://activategood.org/donate,8/5/20,None
15,﻿Signs Good,https://activategood.org/product/signs-for-good/,8/5/20,None
16,SALE﻿,https://activategood.org/product/signs-for-good/,8/5/20,None
19,Choose,https://activategood.org/product/signs-for-good/,8/5/20,None
21,Signs Good,https://activategood.org/product/signs-for-good/,8/5/20,None
22,﻿Wednesday August 12 530pm﻿,https://us02web.zoom.us/meeting/register/tZMld-yuqj0pGtKZI0gFaxYxxohQfK9LWcMQ,8/5/20,None
26,RSVP,https://us02web.zoom.us/meeting/register/tZYkc-iorjktHtWzU1flW8EMG1QySCPdxk-n,8/5/20,None
2,Thanks Colliers International Raleigh Durham,https://www2.colliers.com/en/United-States/Cities/Raleigh,1/31/20,None
3,POP UP Good Hub,http://www.thegoodhub.org/,1/31/20,None
4,Special Oak City Productions,https://oakcityproductions.com/,1/31/20,None
6,Sponsor POP UP,https://activategood.org/thegoodhub/support-popup/,1/31/20,None
7,POP UP Wish List,https://activategood.org/thegoodhub/pop-up-wish-list/,1/31/20,None
8,POP UP Volunteer Needs,https://activategood.org/thegoodhub/popup-volunteer/,1/31/20,Volunteer
9,Social Media Help,https://activategood.org/opportunity/5007#tab-what,1/31/20,None
11,Program Data Evaluation,https://activategood.org/opportunity/4990#tab-what,1/31/20,None
12,Special Olympics Intern,https://activategood.org/opportunity/4948#tab-what,1/31/20,None
13,Office Assistant,https://activategood.org/opportunity/4992#tab-what,1/31/20,None
14,School Tour Volunteer,https://activategood.org/opportunity/4995#tab-what,1/31/20,Volunteer
15,Garden Day,https://activategood.org/opportunity/4987#tab-what,1/31/20,Garden
16,Dress Success Sale,https://activategood.org/opportunity/5030#tab-what,1/31/20,Other
17,Black History Festival,https://activategood.org/opportunity/5031#tab-what,1/31/20,Black
18,View,https://activategood.org/opportunity,1/31/20,None
19,Activate Good,https://activategood.org/,1/31/20,None
3,Activate MORE Good As,https://activategood.org/activatemoregood/,11/18/20,None
4,1 Individual Click HERE,https://activategoodvoices.gv-one.com/?gId=1817&rId=5177,11/18/20,None
5,2 Nonprofit Click HERE,https://activategoodvoices.gv-one.com/?gId=1817&rId=5179,11/18/20,None
6,It Hunger Homelessness Awareness Week,https://activategood.org/Hunger&HomelessnessWeek,11/18/20,Hunger
8,Week HERE,https://activategood.org/Hunger&HomelessnessWeek,11/18/20,None
9,During,https://hhweek.org/,11/18/20,None
12,Register Town Hall HERE,https://us02web.zoom.us/meeting/register/tZMpcOCvqz8uGtD8WSjMdclJ4Yft0uMskH-p,11/18/20,None
13,Deliver,https://activategood.org/opportunity/5397,11/18/20,None
14,Build Nature Trails,https://activategood.org/opportunity/5331,11/18/20,Nature
15,Tar River Land Conservancy,http://www.tarriver.org/,11/18/20,Nature
16,LAST CALL Help Family Volunteer Day,https://activategood.org/opportunity/5374,11/18/20,Family
17,Holiday Volunteering Pride Parents,https://activategood.org/holidays2020,11/18/20,Holiday
18,﻿Sign HERE,https://activategood.org/opportunity/5400,11/18/20,None
19,See ALL Triangle,https://activategood.org/opportunity,11/18/20,None
20,VOTE Activate Good Best Volunteer Organization,https://wral5.secondstreetapp.com/2020-WRAL-Voters-Choice-Awards/gallery/?group=357635,11/18/20,Volunteer
23,1 Click HERE,https://wral5.secondstreetapp.com/2020-WRAL-Voters-Choice-Awards/gallery/?group=357635,11/18/20,None
24,Support Our Work,https://activategood.org/activatemoregood/,11/18/20,None
25,﻿That’ Activate Good,https://activategood.org/,11/18/20,None
3,Watch Volunteer Thank You,https://youtu.be/_Llxn-psvfI,4/1/20,Volunteer
4,Center Volunteer Caregiving,https://volunteercaregiving.org/volunteer-2/#volunteer-signup,4/1/20,Volunteer
5,Food Distribution WCPSS,https://www.wcpss.net/domain/16591,4/1/20,Hunger
6,Help InterFaith Food Shuttle The Food Bank Central,https://www.foodshuttle.org/,4/1/20,Hunger
8,Meals Wheels,https://www.wakemow.org/volunteer-application-mow-wake-county?fbclid=IwAR2EmNwC9TyoaZADjq2K7fDjqh7dGJuSxqjtV50nyRWeoqSvTql1glLQfUg,4/1/20,Seniors
9,Draw Paint Pet Portraits,https://activategood.org/remote-volunteer-project-pet-portraits/,4/1/20,Animals
11,Find Funding Nonprofits,https://activategood.org/remote-volunteer-funding-for-causes/,4/1/20,None
13,Earlier The Good Hub POP UP,http://activategood.org/thegoodhub,4/1/20,None
14,Raleigh Magazine We,https://raleighmag.com/2020/03/good-hub/,4/1/20,None
15,Also Check Raleigh Magazine 30 30,https://raleighmag.com/2020/03/raleigh-magazines-thirty-in-their-30s/,4/1/20,None
16,Donate Support Our Work,https://activategood.org/donate,4/1/20,None
3,Good Hub POP UP,https://activategood.org/covid-19-coronavirus-activate-good-response/,3/12/20,None
6,702 Oberlin Road Suite 400 Raleigh,https://activategood.org/thegoodhub/schedule-popup/,3/12/20,None
8,Please,https://activategood.org/thegoodhub/,3/12/20,None
9,Check Good Hub Pop Up Schedule,https://activategood.org/thegoodhub/,3/12/20,None
12,Enormous Anthony Property Group,https://www.aacre.com/,3/12/20,None
15,To,https://activategood.org/opportunity,3/12/20,None
16,Browse,https://activategood.org/opportunity,3/12/20,None
17,Remote,https://activategood.org/remote,3/12/20,None
19,View,https://activategood.org/opportunity,3/12/20,None
21,Support,https://activategood.org/donate,3/12/20,None
2,Sign,https://activategood.org/911day2019,9/9/19,None
3,View,https://activategood.org/911day2019,9/9/19,None
4,Join 911 Evening Commemoration Service Projects,https://www.eventbrite.com/e/911-day-of-service-2019-evening-commemoration-service-projects-tickets-62352283358?fbclid=IwAR0wRO5ByqQzTC-56Bpc1bvUozPVmayUvkPOwlcf3PNUKzon8HdV7nt3pL8,9/9/19,9/11 M
6,Join 600 830 PM,http://911eveningcommemoration2019.eventbrite.com/,9/9/19,None
7,RSVP 911 Day Service Commemoration,https://911eveningcommemoration2019.eventbrite.com/,9/9/19,9/11 M
8,Service Be,https://www.facebook.com/activategood/,9/9/19,None
11,Activate Good,https://activategood.org/,9/9/19,None
3,This National Volunteer Week April 713,https://activategood.org/nvw2019,3/4/19,Volunteer
4,View Current Volunteer Needs Sign Up,https://activategood.org/nvw2019,3/4/19,Volunteer
8,The Teens Change World Summer Program,https://activategood.org/teenschangetheworld2019/,3/4/19,Teens
9,Learn More Register Here,https://activategood.org/teenschangetheworld2019/,3/4/19,None
11,Medical Interpreter,https://activategood.org/opportunity/2327#tab-what,3/4/19,Languages
12,ProBono Attorney,https://activategood.org/opportunity/4054#tab-what,3/4/19,None
13,Robotics Demo Clinic,https://activategood.org/opportunity/2656#tab-what,3/4/19,Other
14,Silent Auction Assistance,https://activategood.org/opportunity/4218#tab-what,3/4/19,None
15,Backpack Buddies Packers,https://activategood.org/opportunity/4365#tab-what,3/4/19,Other
16,Community Service Farm,https://activategood.org/opportunity/3329#tab-what,3/4/19,Other
17,Tree Giveaway NC Museum Natural Sciences,https://activategood.org/opportunity/2447#tab-details,3/4/19,Nature
18,Raleigh St Patrick Day Parade,https://activategood.org/opportunity/4408#tab-what,3/4/19,None
19,Trail Days Ledge Creek,https://activategood.org/opportunity/4405#tab-what,3/4/19,Other
21,Support,https://activategood.org/donate,3/4/19,None
2,SmART Summer Supply Drive,https://activategood.org/smart/,6/5/20,Art
4,﻿Activate Good Art Intimacy,https://www.artintimacy.org/,6/5/20,Art
5,Check Wish List Drop,https://activategood.org/wp-content/uploads/2020/05/SmARTSummerSupplyDrive-WishListFINAL.pdf,6/5/20,None
6,Or Amazon Wish List,https://www.amazon.com/hz/wishlist/ls/H6EEWIVCSYZ3/ref=hz_ls_biz_ex,6/5/20,Other
7,Help Spread Word Share Amazon Wish List,https://www.amazon.com/gp/registry/wishlist/H6EEWIVCSYZ3/ref=cm_wl_huc_view,6/5/20,Other
8,Supply Wish List,https://activategood.org/wp-content/uploads/2020/05/SmARTSummerSupplyDrive-WishListFINAL.pdf,6/5/20,Other
9,Be Volunteer Caregiver,https://volunteercaregiving.org/volunteer-2/#volunteer-signup,6/5/20,Volunteer
11,Pack Sort Donations Food Bank,https://activategood.org/opportunity/5163,6/5/20,Hunger
12,Help Census Voting,https://docs.google.com/forms/d/e/1FAIpQLScDBxysRXGCL_k7GDYfd6lEPGx6IesfD1OakIp487pVXGAsXQ/viewform,6/5/20,Other
13,YouCanVote 2020,https://www.youcanvote.org/gonedigital,6/5/20,None
14,﻿Read,https://activategood.org/social-distanced-volunteering/,6/5/20,None
16,﻿,https://activategood.org/wp-content/uploads/2020/05/CommunityEngagementSurvey-ActivateGood2020FINAL.pdf,6/5/20,None
18,That’ Activate Good,http://www.activategood.org/,6/5/20,None
19,Support Our Work,https://activategood.org/donate,6/5/20,None
2,June 1721 July 1519,https://activategood.org/wp-content/uploads/2019/05/TeensChangeTheWorld-Week12019.pdf,6/4/19,None
7,The Teens Change World Summer Program,https://activategood.org/teenschangetheworld2019/,6/4/19,Teens
8,Learn More Register Here,https://activategood.org/teenschangetheworld2019/,6/4/19,None
12,The 911 Day Service Let,https://activategood.org/teenschangetheworld2019/,6/4/19,9/11 M
13,Group Interest Form,https://activategood.org/911day2019-grouppreregistration/,6/4/19,None
14,Learn More Register Here,https://activategood.org/911day2019-grouppreregistration/,6/4/19,None
16,Learn More Participate Here,https://activategood.org/cookbook/,6/4/19,None
17,HOBY Seminar,https://activategood.org/opportunity/4571#tab-what,6/4/19,None
18,Warehouse Assistance,https://activategood.org/opportunity/4511#tab-what,6/4/19,None
19,Recycle Coordinator,https://activategood.org/opportunity/4437#tab-what,6/4/19,Nature
21,Garden Days Alliance Medical Ministry,https://activategood.org/nonprofit/262,6/4/19,Garden
22,New Mini Farm,https://activategood.org/opportunity/3329#tab-what,6/4/19,None
23,YMCA 175th Anniversary,https://activategood.org/opportunity/4578#tab-what,6/4/19,None
24,Live Local Spring Fest,https://activategood.org/opportunity/4572#tab-what,6/4/19,None
25,Support STEM Education,https://activategood.org/opportunity/4574#tab-what,6/4/19,None
26,Activate Good,https://activategood.org/,6/4/19,None
27,Support,https://activategood.org/donate,6/4/19,None
2,SIGN UPS NOW OPEN,https://activategood.org/fvd2019,11/1/19,None
3,Join Activate Good Saturday November 23 Family Volunteer Day,https://activategood.org/fvd2019,11/1/19,Volunteer
4,Space Registration,https://activategood.org/fvd2019,11/1/19,None
7,Volunteer Director Fundraising,https://activategood.org/opportunity/4890#tab-what,11/1/19,Volunteer
8,Business Development Volunteer,https://activategood.org/opportunity/4805#tab-what,11/1/19,Volunteer
9,Join SOAR Outreach Board,https://activategood.org/opportunity/4845#tab-what,11/1/19,None
11,Theater Seat Restoration,https://activategood.org/opportunity/4905#tab-what,11/1/19,None
12,Arts Crafts,https://activategood.org/opportunity/4870#tab-what,11/1/19,Art
13,Lunch Delivery,https://activategood.org/opportunity/718#tab-what,11/1/19,Hunger
14,PUPPIES,https://activategood.org/opportunity/4894#tab-what,11/1/19,Animals
15,Donation Sorting,https://activategood.org/opportunity/4896#tab-what,11/1/19,None
16,View,https://activategood.org/opportunity,11/1/19,None
17,Activate Good,https://activategood.org/,11/1/19,None
18,Support,https://activategood.org/donate,11/1/19,None
6,Virtual Learning Series,https://activategood.org/united,9/2/20,None
7,Join United We Help Month,https://activategood.org/united,9/2/20,None
13,Learn,http://www.activategood.org/united,9/2/20,None
14,United We Help Month Virtual Service Sponsor Wells Fargo,https://www.wellsfargo.com/,9/2/20,None
15,Virtual 911 Commemoration Sponsor Genworth Mortgage Insurance,https://new.mortgageinsurance.genworth.com/,9/2/20,9/11 M
16,Thank HZO WRAL Attended Events,https://www.hzo.com/,9/2/20,None
19,Support Our Efforts,https://activategood.org/donate,9/2/20,None
21,Join Activate Good Durham Raleigh Food Bank,https://activategood.org/opportunity/5208,9/2/20,None
23,﻿Get Out Vote,https://activategood.org/opportunity/5212,9/2/20,None
24,Help Activate Good United We Help Social,https://activategood.org/opportunity/5248,9/2/20,Other
25,Media Ambassador If,https://docs.google.com/forms/d/e/1FAIpQLSfalrBb7EWQYYGtReFZhGSEjrFB3P0e_wvd_gG1fmK-mgzmxA/viewform,9/2/20,None
28,Invest 5 10 20,http://www.activategood.org/giving,9/2/20,None
31,That’ Activate Good,https://activategood.org/,9/2/20,None
2,Saturday November 21 Family Volunteer Day,https://activategood.org/familyvolunteerday2020/,10/21/20,Family
4,Complete Family Volunteer Day,https://docs.google.com/forms/d/e/1FAIpQLSfd5N7RV9Az0R5z95Djn_9DDzc8KZ66qwe73opYtGsNpiadJw/viewform,10/21/20,Family
5,﻿Virtual Community Town Hall,https://us02web.zoom.us/meeting/register/tZMtc-qqrjwiGdy4leDC-9470f-PIeJAoMDL,10/21/20,None
7,Register HERE,https://us02web.zoom.us/meeting/register/tZMtc-qqrjwiGdy4leDC-9470f-PIeJAoMDL,10/21/20,None
8,November 2 Volunteer ALS Fundraising Event,https://activategood.org/opportunity/5368,10/21/20,Volunteer
9,Help Administrative Work,https://activategood.org/opportunity/5370,10/21/20,Other
11,Build TRLC,https://activategood.org/opportunity/5331,10/21/20,Other
12,Chapel Conservation Area 55 Tar River,http://www.tarriver.org/,10/21/20,Other
13,See ALL Triangle,https://activategood.org/opportunity,10/21/20,None
15,Register HERE﻿,https://www.bizjournals.com/triangle/event/166237/2020/2020-corporate-philanthropy-awards,10/21/20,None
16,Support Our Work,https://activategood.org/donate,10/21/20,None
17,﻿That’ Activate Good,https://activategood.org/,10/21/20,None
2,NEW Project Operation Hand Up,https://activategood.org/operationhandup/,4/28/20,None
3,Activate Good Oak City Cares,https://oakcitycares.org/,4/28/20,Other
4,Oak,https://activategood.org/operationhandup/,4/28/20,None
6,Operation Hand Up,https://activategood.org/operationhandup/,4/28/20,Other
8,Join Tuesday May 5 700 830 PM Homebody A Chris,https://www.facebook.com/events/2644248899232364/,4/28/20,None
9,Chris Hendricks,http://www.iamchrishendricks.com/,4/28/20,None
12,2017 VOLUNTEER MUSIC VIDEO,https://www.youtube.com/watch?v=0fDkaYSVkF4,4/28/20,Volunteer
14,Larry Coffee Activate Good If,http://www.larryscoffee.com/,4/28/20,None
16,covid19,https://activategood.org/covid19/,4/28/20,COVID
18,﻿,https://activategood.org/remote,4/28/20,None
19,Virtual Career Speaker Series,https://activategood.org/opportunity/5154,4/28/20,None
21,DIY Dog Toys,https://activategood.org/remote-volunteer-project-diy-shirt-toys-dogs/,4/28/20,Animals
22,Upcycle Second Chance,http://www.secondchancenc.org/,4/28/20,Nature
23,Academic Packets Students,https://activategood.org/opportunity/5149,4/28/20,Students
24,Activate Good,https://activategood.org/,4/28/20,None
25,Help,https://activategood.org/donate,4/28/20,None
2,﻿Town Hall,https://us02web.zoom.us/meeting/register/tZMtc-qqrjwiGdy4leDC-9470f-PIeJAoMDL,10/14/20,None
3,Register HERE,https://us02web.zoom.us/meeting/register/tZMtc-qqrjwiGdy4leDC-9470f-PIeJAoMDL,10/14/20,None
5,Will HALFWAY 100,https://activategood.org/giving/,10/14/20,None
6,Be 100,https://activategood.org/giving/,10/14/20,None
8,Complete Family Volunteer Day,https://docs.google.com/forms/d/e/1FAIpQLSfd5N7RV9Az0R5z95Djn_9DDzc8KZ66qwe73opYtGsNpiadJw/viewform?usp=sf_link,10/14/20,Family
9,SHOP,https://activategood.org/shop/,10/14/20,None
11,While SignsGood,https://activategood.org/product/signs-for-good/,10/14/20,None
12,October 19 Brew Good Do Good Coffee,https://activategood.org/product/larrys-limited-edition-coffee-brew-good-blend/,10/14/20,None
16,Wrap Diapers,https://activategood.org/opportunity/5313,10/14/20,Family
17,Help The Diaper Bank NC,http://www.ncdiaperbank.org/,10/14/20,Other
18,October 19 Deliver Family Essentials Kits,https://activategood.org/opportunity/5315,10/14/20,None
19,FAST Initiative,https://activategood.org/event/73,10/14/20,Other
21,Support Our Work,http://www.activategood.org/giving,10/14/20,None
2,Keep Events,https://activategood.org/events,10/8/19,None
5,Boys Girls Club Sports Assistant,https://activategood.org/opportunity/4869#tab-what,10/8/19,Kids
6,Event Photographer,https://activategood.org/opportunity/4849#tab-what,10/8/19,None
7,Budgeting Advisor,https://activategood.org/opportunity/4821#tab-what,10/8/19,None
8,Red Cross Blood Delivery,https://activategood.org/opportunity/4867#tab-what,10/8/19,Other
9,Dog House Volunteers,https://activategood.org/opportunity/4836#tab-what,10/8/19,Animals
11,Campus Beautification Day,https://activategood.org/opportunity/4862#tab-what,10/8/19,Other
12,AIDS Walk 5K Run,https://activategood.org/opportunity/4853#tab-what,10/8/19,Other
13,Holiday Program Prep Salvation Army,https://activategood.org/opportunity/4858#tab-what,10/8/19,Holiday
14,View,https://activategood.org/opportunity,10/8/19,None
15,Activate Good,https://activategood.org/,10/8/19,None
16,Support,https://activategood.org/donate,10/8/19,None
3,Complete HERE,https://docs.google.com/forms/d/e/1FAIpQLScAclGyJNwEHIIXwz8QkpdgA86amEf7sSZwxmwJPCfd3Va2gg/viewform,5/20/20,None
4,Become Digital Volunteer,https://docs.google.com/forms/d/e/1FAIpQLScDBxysRXGCL_k7GDYfd6lEPGx6IesfD1OakIp487pVXGAsXQ/viewform,5/20/20,Volunteer
5,You Can Vote,https://www.youcanvote.org/gonedigital,5/20/20,None
6,Write Letters Isolated Seniors,https://activategood.org/wp-content/uploads/2020/04/Op-Sr-Smiles-flyer-Apr2020.pdf,5/20/20,Seniors
7,Edit,https://activategood.org/opportunity/5131,5/20/20,None
8,Help Lung Cancer Initiative,https://www.lungcancerinitiativenc.org/,5/20/20,Cancer
9,See,https://activategood.org/opportunity,5/20/20,None
12,Do,https://activategood.org/blog,5/20/20,None
13,Check Triangle,https://activategood.org/triangle-nonprofits-pandemic/,5/20/20,None
17,Donate Support Our Work,https://activategood.org/donate,5/20/20,None
2,Watch Volunteer Thank You,https://youtu.be/_Llxn-psvfI,4/22/20,Volunteer
3,Share Your Skills,https://activategood.org/opportunity/5146,4/22/20,None
4,Curamericas,https://www.curamericas.org/ourwork/,4/22/20,Family
5,Create Art Garden,https://activategood.org/opportunity/5141,4/22/20,Art
6,Wildwoods Community Farm Art,http://wildwoodsfarmnc.com/,4/22/20,Art
7,Send Thank You Cards Healthcare Workers,https://www.unchealthcare.org/coronavirus/ways-to-help/,4/22/20,COVID
9,Donate Support Our Work,https://activategood.org/donate,4/22/20,None
2,5 10 20,http://www.activategood.org/giving,9/9/20,None
3,If 200,https://activategood.org/giving/,9/9/20,None
4,We 68 Will,https://activategood.org/giving/,9/9/20,None
5,Be 100,https://activategood.org/giving/,9/9/20,None
7,Virtual Create BOOST Videos Academic Concepts,https://activategood.org/opportunity/5233,9/9/20,None
8,Join Activate Good Food Bank Raleigh Durham,https://activategood.org/opportunity/5207,9/9/20,Hunger
11,See United We Help,https://activategood.org/unitedwehelp2020,9/9/20,None
12,See ALL,https://activategood.org/opportunity,9/9/20,None
13,Genworth Mortgage Insurance,https://www.genworth.com/,9/9/20,None
14,Music Jason Adamo Band,https://www.jasonadamo.com/,9/9/20,None
15,Segment David Paine 911 Day,https://911day.org/,9/9/20,9/11 M
16,Tune United We Help Virtual 911 Commemoration WRAL,https://l.facebook.com/l.php?u=http://WRAL.com/&h=AT0sMrV9amyQsFZBCjcwxm2ylTQnmUehRMAycAldAUBCO0ZslNrEy1hbDnXSuJuRTiuMCutDn1SnkbnNiIWpkGYIhaFIKZpWObrpHBEJA216DLRlrqfrFpRgU0_OZQeS-9zWBmkk8TrpbhoAN27a80ciensxllzHRaKPQf6Q3A,9/9/20,9/11 M
19,Support Our Work,http://www.activategood.org/donate,9/9/20,None
3,OPERATION ACCESS,https://activategood.org/operationaccess/,4/11/20,Other
4,HERE Volunteer,https://activategood.org/operationaccess/,4/11/20,Volunteer
5,Write Mail Letters Isolated Seniors,https://activategood.org/wp-content/uploads/2020/04/Op-Sr-Smiles-flyer-Apr2020.pdf,4/11/20,None
6,Raise Baby Chicks Home,https://activategood.org/opportunity/5135,4/11/20,Animals
7,DIY Pie Tin,https://activategood.org/wp-content/uploads/2020/04/RemoteVolunteerProject-UpcycledButterflyFeeders.pdf,4/11/20,None
8,Butterfly Feeders,https://activategood.org/wp-content/uploads/2020/04/RemoteVolunteerProject-UpcycledButterflyFeeders.pdf,4/11/20,Animals
9,Keep Urgent Remote Volunteer,https://activategood.org/covid19/,4/11/20,Volunteer
14,Do Check,https://activategood.org/blog,4/11/20,None
17,Donate Support Our Work,https://activategood.org/donate,4/11/20,None
2,Amber Activate MORE Good,https://www.youtube.com/watch?v=JhSzcURo2bM,11/24/20,None
3,We Activate MORE Good,https://activategood.org/activatemoregood/,11/24/20,None
4,We YOUR,https://activategood.org/activatemoregood/,11/24/20,None
5,When Activate Good –,https://activategood.org/activatemoregood/,11/24/20,None
6,Donate Now,https://activategood.org/activatemoregood/,11/24/20,None
8,The Virtual Volunteer Expo December 9th 12PM,https://us02web.zoom.us/meeting/register/tZwkc-GurzkuE9A5uqvM-zDsD6LXtVC78W9Z,11/24/20,Volunteer
9,Register Here,https://us02web.zoom.us/meeting/register/tZwkc-GurzkuE9A5uqvM-zDsD6LXtVC78W9Z,11/24/20,None
11,Taylor Family YMCA NW Cary YMCA,https://www.ymcatriangle.org/northwest-cary-ymca,11/24/20,None
12,Help Feed Hungry Kids,https://activategood.org/opportunity/5398,11/24/20,Hunger
13,Overflowing Hands Rocky Top Catering,https://www.overflowinghands.org/,11/24/20,None
15,Prepare Angel Tree Items Distribution,https://activategood.org/opportunity/5407,11/24/20,Holiday
16,The Salvation Army Wake County Volunteers,http://wwww.wakearmy.org/,11/24/20,Volunteer
17,Holiday Volunteering Pride Parents,https://activategood.org/holidays2020,11/24/20,Holiday
18,﻿Sign HERE,https://activategood.org/prideforparents2020/,11/24/20,None
19,See ALL Triangle,https://activategood.org/opportunity,11/24/20,None
21,﻿That’ Activate Good,https://activategood.org/,11/24/20,None
3,As 2020 Activate MORE Good,https://activategood.org/activatemoregood/,12/16/20,None
4,31-Dec,https://secure.lglforms.com/form_engine/s/M-VEDOANBwd-_X8_xLmpMg,12/16/20,None
6,Donate,https://secure.lglforms.com/form_engine/s/M-VEDOANBwd-_X8_xLmpMg,12/16/20,None
7,Join LAST Activate Good,https://ncsu.zoom.us/meeting/register/tJAudu2hpzIqHdNo9QQbCXbgq5JFkHqWArCh,12/16/20,None
9,LAST 2020 Community Town Hall December 30,https://ncsu.zoom.us/meeting/register/tJAudu2hpzIqHdNo9QQbCXbgq5JFkHqWArCh,12/16/20,None
11,The Salvation Army Christmas 7000,http://wwww.wakearmy.org/,12/16/20,Holiday
12,Brighten Someone Day Handmade Card,https://activategood.org/opportunity/5416,12/16/20,Other
13,Assemble Kits Preschoolers,https://activategood.org/opportunity/5430,12/16/20,Kids
14,December 17 Marbles WCPSS PNC PreK Packs,http://www.marbleskidsmuseum.org/,12/16/20,None
15,See,https://activategood.org/opportunity,12/16/20,None
16,MORE DATES Headshots Good,https://www.eventbrite.com/e/headshots-for-good-photo-sessions-benefitting-activate-good-tickets-127366072351,12/16/20,None
18,Here Donate 85,https://www.eventbrite.com/e/headshots-for-good-photo-sessions-benefitting-activate-good-tickets-127366072351,12/16/20,None
19,Photo Austin Dowd,https://www.austindowd.com/,12/16/20,None
21,Learn More Headshots Good,https://www.eventbrite.com/e/headshots-for-good-photo-sessions-benefitting-activate-good-tickets-127366072351,12/16/20,None
23,At Gather Voices,https://www.gathervoices.co/,12/16/20,None
24,Raleigh JohnLaneDBAJTL,mailto:John.Lane@DBAJTL.com,12/16/20,None
2,Virtual Storytime Readers,https://activategood.org/virtual-volunteer-readers/,5/13/20,None
3,Activate Good Learning Together,https://www.learningtogether.org/,5/13/20,None
4,Sign Virtual Volunteer Reader HERE,https://forms.gle/xhpLYnA55EkFj8zA7,5/13/20,Volunteer
6,Help Camden St Learning Garden Thrive,https://foodshuttle.galaxydigital.com/agency/detail/?agency_id=93791,5/13/20,Garden
7,Get Weed Inter,https://www.foodshuttle.org/,5/13/20,None
8,Develop,https://activategood.org/opportunity/5155#tab-details,5/13/20,None
9,Use Community Partnerships,https://activategood.org/opportunity/5155#tab-details,5/13/20,None
11,May 18 Help Durham Community Food Pantry,https://www.catholiccharitiesraleigh.org/,5/13/20,Hunger
12,Look Helpers,https://docs.google.com/forms/d/e/1FAIpQLSeS4odBWMq1CurCt9lk0J90bqWVarVJ3zEgXkMzRDgSxYbxlQ/viewform,5/13/20,None
13,Learn,https://docs.google.com/forms/d/e/1FAIpQLSeS4odBWMq1CurCt9lk0J90bqWVarVJ3zEgXkMzRDgSxYbxlQ/viewform,5/13/20,None
15,﻿Please,https://docs.google.com/forms/d/e/1FAIpQLSeS4odBWMq1CurCt9lk0J90bqWVarVJ3zEgXkMzRDgSxYbxlQ/viewform,5/13/20,None
16,Also Triangle Nonprofits,https://activategood.org/triangle-nonprofits-pandemic/,5/13/20,Other
17,Activate Good,https://activategood.org/,5/13/20,None
18,Support Our Work,https://activategood.org/donate,5/13/20,None
2,Loeffler,https://youtu.be/ZC-xixYVf-k,12/29/20,None
3,2021 Activate MORE Good There,https://activategood.org/activatemoregood/,12/29/20,None
4,OR,https://secure.lglforms.com/form_engine/s/M-VEDOANBwd-_X8_xLmpMg,12/29/20,None
5,December 31 2020,https://secure.lglforms.com/form_engine/s/C2gvxcRzNFeZDSat3WlAWg,12/29/20,None
6,New Year,https://activategood.org/past-impact-campaigns,12/29/20,None
7,Activate MORE Good,https://activategood.org/activatemoregood,12/29/20,None
8,Teens Parents Help Package Hygiene Supplies Dignity Week,https://activategood.org/opportunity/5446,12/29/20,Other
9,Fight Hunger Food Bank,https://activategood.org/opportunity/5406,12/29/20,Hunger
11,TABLE,https://activategood.org/nonprofit/658,12/29/20,None
12,Sign MLK Day Service,https://activategood.org/opportunity/5422,12/29/20,MLK
13,Browse Volunteer Needs,https://activategood.org/opportunity,12/29/20,Volunteer
14,MORE Dates Headshots Good,https://www.eventbrite.com/e/headshots-for-good-photo-sessions-benefitting-activate-good-tickets-127366072351,12/29/20,None
16,Activate Good,https://www.eventbrite.com/e/headshots-for-good-photo-sessions-benefitting-activate-good-tickets-127366072351,12/29/20,None
17,Schedule Your Headshots Good,https://www.eventbrite.com/e/headshots-for-good-photo-sessions-benefitting-activate-good-tickets-127366072351,12/29/20,None
18,Join Volunteer Expo,https://us02web.zoom.us/meeting/register/tZIqd-qhqzsrG9B0To33AT4_MehowoyWFCky,12/29/20,Volunteer
21,Register January 11 Expo,https://us02web.zoom.us/meeting/register/tZIqd-qhqzsrG9B0To33AT4_MehowoyWFCky,12/29/20,None
22,TOMORROW Activate Good Virtual Town Hall 2020,https://ncsu.zoom.us/meeting/register/tJAudu2hpzIqHdNo9QQbCXbgq5JFkHqWArCh,12/29/20,None
24,RSVP December 30 Town Hall,https://ncsu.zoom.us/meeting/register/tJAudu2hpzIqHdNo9QQbCXbgq5JFkHqWArCh,12/29/20,None
26,At Gather Voices,https://www.gathervoices.co/,12/29/20,None
27,Raleigh JohnLaneDBAJTL,mailto:John.Lane@DBAJTL.com,12/29/20,None
2,Community Partner Coronavirus,https://activategood.org/coronavirus-nonprofit-report/,5/27/20,COVID
4,Download Community Partner Coronavirus Challenges Report,https://activategood.org/coronavirus-nonprofit-report/,5/27/20,COVID
5,June 6 20 Fight Hunger Food Bank,https://activategood.org/opportunity/5165,5/27/20,Hunger
6,Collect Donate Garden Tools,https://activategood.org/opportunity/5139,5/27/20,Other
7,Ask Wildwoods Community Farm,https://wildwoodsfarmnc.com/,5/27/20,Animals
8,Contribute Triangle Cause Wiki,https://activategood.org/trianglecausewiki/,5/27/20,None
11,Thank,https://activategood.org/impacts/,5/27/20,None
12,That’ Activate Good,https://activategood.org/,5/27/20,None
13,Donate,https://activategood.org/donate,5/27/20,None
2,﻿It Summer Signs Good Sale﻿,https://activategood.org/product/signs-for-good/,7/29/20,None
5,Choose,https://activategood.org/product/signs-for-good/,7/29/20,None
6,Please Orders Sign,https://activategood.org/product/signs-for-good/,7/29/20,None
7,Signs Good,https://activategood.org/product/signs-for-good/,7/29/20,None
8,Learn,https://activategood.org/signs/,7/29/20,None
9,Fight Hunger Food Bank,https://activategood.org/opportunity/5163,7/29/20,Hunger
11,Aug 15 Pantry Makeover,https://activategood.org/opportunity/5236,7/29/20,Hunger
12,Help Food Pantry The Alliance AIDS,https://www.aas-c.org/alliance-care-services/food-pantry.html,7/29/20,Hunger
13,See,https://activategood.org/opportunity,7/29/20,None
14,See COVID19 ﻿,https://activategood.org/covid19,7/29/20,COVID
15,Aug 5 Train Project Leader,https://activategood.org/opportunity/5235,7/29/20,Other
16,Review,https://activategood.org/opportunity/5235#tab-details,7/29/20,None
18,Support Our Efforts,https://activategood.org/donate,7/29/20,None
19,﻿Wednesday July 29 530pm﻿,https://us02web.zoom.us/meeting/register/tZMld-yuqj0pGtKZI0gFaxYxxohQfK9LWcMQ,7/29/20,None
23,RSVP,https://us02web.zoom.us/meeting/register/tZYod-6oqjwrHtVgsTZ1mqBNKgG0OKYMd1V5,7/29/20,None
2,Operation Mask Up,https://activategood.org/operationmaskup,9/30/20,COVID
4,Volunteers,https://activategood.org/opportunity/5333,9/30/20,Volunteer
5,REGISTER,https://activategood.org/opportunity/5333,9/30/20,None
6,﻿Families And Schools Together,https://activategood.org/fast,9/30/20,Family
8,Learn,https://activategood.org/fast,9/30/20,None
9,Assemble Family Essentials Kits,https://activategood.org/remote-volunteer-project-diy-family-essentials-kits/,9/30/20,Family
11,Upcycle Second,http://www.secondchancenc.org/,9/30/20,Nature
12,Make Cards Isolated Seniors,https://activategood.org/wp-content/uploads/2020/04/Op-Sr-Smiles-flyer-Apr2020.pdf,9/30/20,Seniors
13,See Triangle,https://activategood.org/opportunity,9/30/20,None
15,Register HERE,https://us02web.zoom.us/meeting/register/tZ0sduuhqTkuHtf5rv8Jy7B82A_ZJa_RZT6Q,9/30/20,None
16,We 94 Will,https://activategood.org/giving/,9/30/20,None
17,Be 100,https://activategood.org/giving/,9/30/20,None
19,Email Lee,mailto:Lee@activategood.org?subject=Newsletter Sponsor Inquiry,9/30/20,None
2,New Headshots Good,https://www.eventbrite.com/e/headshots-for-good-photo-sessions-benefitting-activate-good-tickets-127366072351,11/11/20,None
4,Here Donate 85,https://www.eventbrite.com/e/headshots-for-good-photo-sessions-benefitting-activate-good-tickets-127366072351,11/11/20,None
5,Photo Austin Dowd,https://www.austindowd.com/,11/11/20,None
6,Austin Dowd,https://www.austindowd.com/proofing/example-proofing-gallery,11/11/20,None
7,Learn More Headshots Good,https://www.eventbrite.com/e/headshots-for-good-photo-sessions-benefitting-activate-good-tickets-127366072351,11/11/20,None
8,Hunger Homelessness,https://activategood.org/hunger-homelessness-week-2020/,11/11/20,Hunger
9,Awareness Week Nov 1522,https://activategood.org/hunger-homelessness-week-2020/,11/11/20,Other
11,Conducting Family Essentials Kits,https://activategood.org/opportunity/5356,11/11/20,Family
12,Raleigh Durham,https://activategood.org/opportunity/5334#tab-what,11/11/20,None
14,Bagging Thanksgiving TABLE Carrboro,https://activategood.org/opportunity/5355,11/11/20,Holiday
16,See Hunger Homelessness Awareness Week,https://activategood.org/hunger&homelessnessweek,11/11/20,Hunger
17,The Activate Good Virtual Town Hall November 18 2020,https://us02web.zoom.us/meeting/register/tZMpcOCvqz8uGtD8WSjMdclJ4Yft0uMskH-p,11/11/20,None
21,VOTE Activate Good Best Volunteer Organization WRAL,https://wral5.secondstreetapp.com/2020-WRAL-Voters-Choice-Awards/gallery/?group=357635,11/11/20,Volunteer
24,1 Click HERE,https://wral5.secondstreetapp.com/2020-WRAL-Voters-Choice-Awards/gallery?group=357635,11/11/20,None
26,The TakeHome Service Project Kit Edition Brought Lenovo,https://www.lenovo.com/us/en/,11/11/20,None
27,This Family Volunteer Day,https://activategood.org/familyvolunteerday2020/,11/11/20,Family
28,Learn More,https://activategood.org/familyvolunteerday2020/,11/11/20,None
29,FAST Initiative,https://activategood.org/fast,11/11/20,Other
31,Internship Opportunity,https://activategood.org/opportunity/5395,11/11/20,None
32,Sign,https://activategood.org/opportunity/5374,11/11/20,None
33,See,https://activategood.org/opportunity,11/11/20,None
35,﻿Email Lee,mailto:Lee@activategood.org?subject=Newsletter Sponsor Inquiry,11/11/20,None
36,Support Our Work,https://activategood.org/donate,11/11/20,None
2,Homebody A Chris Hendricks GivingTuesdayNow Charity Concert,https://www.facebook.com/events/2644248899232364/,5/5/20,None
3,Chris Hendricks,http://www.iamchrishendricks.com/,5/5/20,None
5,Due Coronavirus Activate Good Spring,https://www.facebook.com/activategood/,5/5/20,COVID
8,This,https://secure.lglforms.com/form_engine/s/Rkoj-1l4WVRIiWjqKEHuxA,5/5/20,None
12,Triangle Thank,https://secure.lglforms.com/form_engine/s/Rkoj-1l4WVRIiWjqKEHuxA,5/5/20,None
13,Guidestar Check,https://www.guidestar.org/profile/20-3057526?fbclid=IwAR1hVPmSZc99Kkv52oJKWM2PaZYafyyprgMZqghP25-cwXRyWcgv7bjvcJQ,5/5/20,None
14,Supply Drive Boys Girls Clubs,https://activategood.org/opportunity/5123,5/5/20,Kids
15,Research Grants Donations,https://activategood.org/opportunity/5103#tab-what,5/5/20,None
16,Help Rusty Rescue Ranch,https://rustysrescueranch.com/,5/5/20,Other
17,Courage Cards Teens,https://activategood.org/opportunity/4146,5/5/20,Teens
18,Zach Toy Chest,http://www.zachstoychest.org/,5/5/20,Kids
19,2017 Volunteer Music Video,https://www.youtube.com/watch?v=0fDkaYSVkF4,5/5/20,Volunteer
21,Activate Good,https://activategood.org/,5/5/20,None
22,Click,https://activategood.org/donate,5/5/20,None
5,The Teens Change World Summer Program,https://activategood.org/teenschangetheworld2019/,2/1/19,Teens
6,Registrations Now Open,https://activategood.org/teenschangetheworld2019/,2/1/19,None
7,Also Help Teens Change World Donate,https://activategood.org/teenschangetheworld2019/support/,2/1/19,Teens
8,Cabinet Sales Habitat Restore,https://activategood.org/opportunity/4375#tab-what,2/1/19,Nature
9,After School Art Teacher,https://activategood.org/opportunity/4357#tab-details,2/1/19,Art
11,Help Durham Teachers School Supplies,https://activategood.org/opportunity/4374#tab-details,2/1/19,School
12,Backpack Buddies Packers,https://activategood.org/opportunity/4365#tab-what,2/1/19,Other
13,Communities Schools Tutor,https://activategood.org/opportunity/4340#tab-details,2/1/19,Other
14,Childcare Families Moving Forward,https://activategood.org/opportunity/4380#tab-what,2/1/19,Family
15,NC Art Museum Park Workday,https://activategood.org/opportunity/4372#tab-shifts,2/1/19,Art
16,Workday Durham Hub Farm,https://activategood.org/opportunity/4343#tab-what,2/1/19,None
17,Activate Good,https://activategood.org/,2/1/19,None
18,Support,https://activategood.org/donate,2/1/19,None
2,SmART Summer Supply Drive,https://activategood.org/smart/,7/1/20,Art
4,Finally The Loading Dock,https://www.theloadingdock.com/,7/1/20,None
5,July 1 8 Pack Sort Donations Food Bank,https://activategood.org/opportunity/5163,7/1/20,Hunger
6,July 11 Prep Super Duper Duck Splash,https://activategood.org/opportunity/5195,7/1/20,Kids
7,Update Client Info Database,https://activategood.org/opportunity/5199,7/1/20,None
8,Speak CORA,https://www.corafoodpantry.org/,7/1/20,None
9,See,https://activategood.org/opportunity,7/1/20,None
11,Community Virtual Town Hall,https://us02web.zoom.us/meeting/register/tZMld-yuqj0pGtKZI0gFaxYxxohQfK9LWcMQ,7/1/20,None
12,RSVP Zoom,https://us02web.zoom.us/meeting/register/tZMld-yuqj0pGtKZI0gFaxYxxohQfK9LWcMQ,7/1/20,None
13,Activate Good Board,https://www.linkedin.com/company/2248859/,7/1/20,None
14,Click,https://activategood.org/join-board/,7/1/20,None
17,Donate Support PeoplePowered Projects Good,https://activategood.org/donate,7/1/20,None