,date_sent,link,clicks,date
0,01/02/19 07:03:48,https://activategood.org/,7,01/02/19
1,01/02/19 07:03:48,https://activategood.org/donate,1,01/02/19
2,01/02/19 07:03:48,https://activategood.org/opportunity,41,01/02/19
3,01/02/19 07:03:48,https://activategood.org/opportunity/3963#tab-what,21,01/02/19
4,01/02/19 07:03:48,https://activategood.org/opportunity/3985#tab-what,37,01/02/19
5,01/02/19 07:03:48,https://activategood.org/opportunity/4054#tab-what,4,01/02/19
6,01/02/19 07:03:48,https://activategood.org/opportunity/4249,12,01/02/19
7,01/02/19 07:03:48,https://activategood.org/opportunity/4291#tab-what,22,01/02/19
8,01/02/19 07:03:48,https://activategood.org/opportunity/4304#tab-what,25,01/02/19
9,01/02/19 07:03:48,https://activategood.org/opportunity/4313,1,01/02/19
10,01/02/19 07:03:48,https://activategood.org/opportunity/4313#tab-what,10,01/02/19
11,01/02/19 07:03:48,https://activategood.org/opportunity/4315#tab-what,33,01/02/19
12,01/02/19 07:03:48,https://activategood.org/opportunity/432#tab-what,22,01/02/19
13,01/02/19 07:03:48,https://twitter.com/activategood,1,01/02/19
14,01/02/19 07:03:48,https://www.facebook.com/activategood/,1,01/02/19
15,01/02/19 07:03:48,https://www.instagram.com/activategood/,1,01/02/19
16,01/03/20 07:50:15,http://https%3a%2f%2factivategood.org%2fkindness-cards%2f,2,01/03/20
17,01/03/20 07:50:15,http://https%3a%2f%2factivategood.org%2fmlkday2020,1,01/03/20
18,01/03/20 07:50:15,http://https%3a%2f%2factivategood.org%2fopportunity%2f4974%23tab-what,1,01/03/20
19,01/03/20 07:50:15,https://activategood.org/,23,01/03/20
20,01/03/20 07:50:15,https://activategood.org/MLKday2020,81,01/03/20
21,01/03/20 07:50:15,https://activategood.org/donate,20,01/03/20
22,01/03/20 07:50:15,https://activategood.org/kindness-cards/,50,01/03/20
23,01/03/20 07:50:15,https://activategood.org/mlkday2020,52,01/03/20
24,01/03/20 07:50:15,https://activategood.org/opportunity,38,01/03/20
25,01/03/20 07:50:15,https://activategood.org/opportunity/4823#tab-what,30,01/03/20
26,01/03/20 07:50:15,https://activategood.org/opportunity/4839#tab-what,27,01/03/20
27,01/03/20 07:50:15,https://activategood.org/opportunity/4848#tab-what,21,01/03/20
28,01/03/20 07:50:15,https://activategood.org/opportunity/4868#tab-what,34,01/03/20
29,01/03/20 07:50:15,https://activategood.org/opportunity/4932#tab-details,24,01/03/20
30,01/03/20 07:50:15,https://activategood.org/opportunity/4948#tab-what,20,01/03/20
31,01/03/20 07:50:15,https://activategood.org/opportunity/4974#tab-what,43,01/03/20
32,01/03/20 07:50:15,https://activategood.org/opportunity/4980#tab-what,26,01/03/20
33,01/03/20 07:50:15,https://activategood.org/opportunity/4981#tab-what,46,01/03/20
34,01/03/20 07:50:15,https://secure.lglforms.com/form_engine/s/RaaHgiLa83lgC03MgNOvGQ,17,01/03/20
35,01/03/20 07:50:15,https://twitter.com/activategood,22,01/03/20
36,01/03/20 07:50:15,https://www.facebook.com/activategood/,23,01/03/20
37,01/03/20 07:50:15,https://www.instagram.com/activategood/,21,01/03/20
38,01/31/20 06:51:12,http://https%3a%2f%2fwww.youtube.com%2fwatch%3fv%3drhojfp5qiwa%26feature%3dyoutu.be,2,01/31/20
39,01/31/20 06:51:12,http://www.thegoodhub.org/,63,01/31/20
40,01/31/20 06:51:12,https://activategood.org,1,01/31/20
41,01/31/20 06:51:12,https://activategood.org/,28,01/31/20
42,01/31/20 06:51:12,https://activategood.org/donate,18,01/31/20
43,01/31/20 06:51:12,https://activategood.org/opportunity,33,01/31/20
44,01/31/20 06:51:12,https://activategood.org/opportunity/4948#tab-what,21,01/31/20
45,01/31/20 06:51:12,https://activategood.org/opportunity/4977#tab-what,23,01/31/20
46,01/31/20 06:51:12,https://activategood.org/opportunity/4987#tab-what,30,01/31/20
47,01/31/20 06:51:12,https://activategood.org/opportunity/4990#tab-what,21,01/31/20
48,01/31/20 06:51:12,https://activategood.org/opportunity/4992#tab-what,27,01/31/20
49,01/31/20 06:51:12,https://activategood.org/opportunity/4995#tab-what,21,01/31/20
50,01/31/20 06:51:12,https://activategood.org/opportunity/5007#tab-what,23,01/31/20
51,01/31/20 06:51:12,https://activategood.org/opportunity/5030#tab-what,32,01/31/20
52,01/31/20 06:51:12,https://activategood.org/opportunity/5031#tab-what,33,01/31/20
53,01/31/20 06:51:12,https://activategood.org/thegoodhub/pop-up-wish-list/,41,01/31/20
54,01/31/20 06:51:12,https://activategood.org/thegoodhub/popup-volunteer/,55,01/31/20
55,01/31/20 06:51:12,https://activategood.org/thegoodhub/support-popup,1,01/31/20
56,01/31/20 06:51:12,https://activategood.org/thegoodhub/support-popup/,15,01/31/20
57,01/31/20 06:51:12,https://oakcityproductions.com,1,01/31/20
58,01/31/20 06:51:12,https://oakcityproductions.com/,25,01/31/20
59,01/31/20 06:51:12,https://twitter.com/activategood,16,01/31/20
60,01/31/20 06:51:12,https://www.facebook.com/activategood/,22,01/31/20
61,01/31/20 06:51:12,https://www.instagram.com/activategood/,27,01/31/20
62,01/31/20 06:51:12,https://www.youtube.com/watch?v=rhojfP5qiwA&feature=youtu.be,57,01/31/20
63,01/31/20 06:51:12,https://www2.colliers.com/en/United-States/Cities/Raleigh,22,01/31/20
64,02/01/19 07:21:36,https://activategood.org/,11,02/01/19
65,02/01/19 07:21:36,https://activategood.org/donate,4,02/01/19
66,02/01/19 07:21:36,https://activategood.org/opportunity/4330#tab-what,4,02/01/19
67,02/01/19 07:21:36,https://activategood.org/opportunity/4340#tab-details,8,02/01/19
68,02/01/19 07:21:36,https://activategood.org/opportunity/4343#tab-what,10,02/01/19
69,02/01/19 07:21:36,https://activategood.org/opportunity/4357#tab-details,10,02/01/19
70,02/01/19 07:21:36,https://activategood.org/opportunity/4365,1,02/01/19
71,02/01/19 07:21:36,https://activategood.org/opportunity/4365#tab-what,42,02/01/19
72,02/01/19 07:21:36,https://activategood.org/opportunity/4372#tab-shifts,17,02/01/19
73,02/01/19 07:21:36,https://activategood.org/opportunity/4374#tab-details,7,02/01/19
74,02/01/19 07:21:36,https://activategood.org/opportunity/4375#tab-what,6,02/01/19
75,02/01/19 07:21:36,https://activategood.org/opportunity/4380#tab-what,12,02/01/19
76,02/01/19 07:21:36,https://activategood.org/teenschangetheworld2019/,56,02/01/19
77,02/01/19 07:21:36,https://activategood.org/teenschangetheworld2019/support/,3,02/01/19
78,02/01/19 07:21:36,https://twitter.com/activategood,1,02/01/19
79,02/01/19 07:21:36,https://www.facebook.com/activategood/,1,02/01/19
80,02/01/19 07:21:36,https://www.instagram.com/activategood/,1,02/01/19
81,03/04/19 07:03:41,https://activategood.org/,4,03/04/19
82,03/04/19 07:03:41,https://activategood.org/nvw2019,94,03/04/19
83,03/04/19 07:03:41,https://activategood.org/opportunity/2327#tab-what,1,03/04/19
84,03/04/19 07:03:41,https://activategood.org/opportunity/2447#tab-details,18,03/04/19
85,03/04/19 07:03:41,https://activategood.org/opportunity/2656,2,03/04/19
86,03/04/19 07:03:41,https://activategood.org/opportunity/2656#tab-what,9,03/04/19
87,03/04/19 07:03:41,https://activategood.org/opportunity/3329#tab-what,14,03/04/19
88,03/04/19 07:03:41,https://activategood.org/opportunity/4218#tab-what,8,03/04/19
89,03/04/19 07:03:41,https://activategood.org/opportunity/4365,1,03/04/19
90,03/04/19 07:03:41,https://activategood.org/opportunity/4365#tab-what,29,03/04/19
91,03/04/19 07:03:41,https://activategood.org/opportunity/4405#tab-what,6,03/04/19
92,03/04/19 07:03:41,https://activategood.org/opportunity/4408#tab-what,13,03/04/19
93,03/04/19 07:03:41,https://activategood.org/teenschangetheworld2019/,47,03/04/19
94,03/04/19 07:03:41,https://twitter.com/activategood,2,03/04/19
95,03/04/19 07:03:41,https://www.facebook.com/activategood/,1,03/04/19
96,03/04/19 07:03:41,https://www.instagram.com/activategood/,2,03/04/19
97,03/12/20 19:15:25,http://https%3a%2f%2factivategood.org%2fopportunity,1,03/12/20
98,03/12/20 19:15:25,https://activategood.org/,49,03/12/20
99,03/12/20 19:15:25,https://activategood.org/covid-19-coronavirus-activate-good-response,1,03/12/20
100,03/12/20 19:15:25,https://activategood.org/covid-19-coronavirus-activate-good-response/,77,03/12/20
101,03/12/20 19:15:25,https://activategood.org/donate,52,03/12/20
102,03/12/20 19:15:25,https://activategood.org/opportunity,139,03/12/20
103,03/12/20 19:15:25,https://activategood.org/remote,324,03/12/20
104,03/12/20 19:15:25,https://twitter.com/activategood,55,03/12/20
105,03/12/20 19:15:25,https://www.facebook.com/activategood/,49,03/12/20
106,03/12/20 19:15:25,https://www.instagram.com/activategood/,51,03/12/20
107,03/17/20 13:58:30,http://https%3a%2f%2factivategood.org%2fcovid19%2f,2,03/17/20
108,03/17/20 13:58:30,https://activategood.org/,26,03/17/20
109,03/17/20 13:58:30,https://activategood.org/covid19/,242,03/17/20
110,03/17/20 13:58:30,https://activategood.org/donate,33,03/17/20
111,03/17/20 13:58:30,https://activategood.org/opportunity/4146,39,03/17/20
112,03/17/20 13:58:30,https://activategood.org/opportunity/4472,38,03/17/20
113,03/17/20 13:58:30,https://activategood.org/opportunity/5103,37,03/17/20
114,03/17/20 13:58:30,https://activategood.org/opportunity/5123,43,03/17/20
115,03/17/20 13:58:30,https://activategood.org/opportunity/5124,33,03/17/20
116,03/17/20 13:58:30,https://activategood.org/opportunity/5127,33,03/17/20
117,03/17/20 13:58:30,https://activategood.org/remote,78,03/17/20
118,03/17/20 13:58:30,https://docs.google.com/forms/d/e/1FAIpQLSf7SmiF1wB5iRgF_nY0t8nsyrBrhq6XLiVUfATtVUFQewznmw/viewform,70,03/17/20
119,03/17/20 13:58:30,https://twitter.com/activategood,37,03/17/20
120,03/17/20 13:58:30,https://www.facebook.com/activategood/,36,03/17/20
121,03/17/20 13:58:30,https://www.instagram.com/activategood/,34,03/17/20
122,04/01/20 14:36:28,http://activategood.org/thegoodhub,26,04/01/20
123,04/01/20 14:36:28,http://https%3a%2f%2fraleighmag.com%2f2020%2f03%2fgood-hub%2f,1,04/01/20
124,04/01/20 14:36:28,https://activategood.org/,36,04/01/20
125,04/01/20 14:36:28,https://activategood.org/donate,24,04/01/20
126,04/01/20 14:36:28,https://activategood.org/remote-volunteer-funding-for-causes/,48,04/01/20
127,04/01/20 14:36:28,https://activategood.org/remote-volunteer-project-pet-portraits,1,04/01/20
128,04/01/20 14:36:28,https://activategood.org/remote-volunteer-project-pet-portraits/,60,04/01/20
129,04/01/20 14:36:28,https://foodbankcenc.org/,25,04/01/20
130,04/01/20 14:36:28,https://raleighmag.com/2020/03/good-hub/,19,04/01/20
131,04/01/20 14:36:28,https://raleighmag.com/2020/03/raleigh-magazines-thirty-in-their-30s,1,04/01/20
132,04/01/20 14:36:28,https://raleighmag.com/2020/03/raleigh-magazines-thirty-in-their-30s/,30,04/01/20
133,04/01/20 14:36:28,https://twitter.com/activategood,22,04/01/20
134,04/01/20 14:36:28,https://volunteercaregiving.org/volunteer-2/#volunteer-signup,108,04/01/20
135,04/01/20 14:36:28,https://www.curamericas.org/volunteer-information/?__cf_chl_jschl_tk__=d8e97dfc653ae4b8de15128f83e701f6c84142a3-1585747410-0-AYq1u7njLVlrLdw5WSf0MyDjgMsj4IF8eJ6hXTMJVKVNNX3H8cYImkfUh8A09rDM4-JjjJ0rOxhDXXOptLIVK7J4_IuldLIVn3zMSnaCMowPODcnVzTb1bEzPpMGVfTDMD,23,04/01/20
136,04/01/20 14:36:28,https://www.facebook.com/activategood/,21,04/01/20
137,04/01/20 14:36:28,https://www.foodshuttle.org/,29,04/01/20
138,04/01/20 14:36:28,https://www.instagram.com/activategood/,23,04/01/20
139,04/01/20 14:36:28,https://www.wakemow.org/volunteer-application-mow-wake-county?fbclid=IwAR2EmNwC9TyoaZADjq2K7fDjqh7dGJuSxqjtV50nyRWeoqSvTql1glLQfUg,37,04/01/20
140,04/01/20 14:36:28,https://www.wcpss.net/domain/16591,57,04/01/20
141,04/01/20 14:36:28,https://youtu.be/_Llxn-psvfI,53,04/01/20
142,04/03/19 13:45:34,https://activategood.org/,5,04/03/19
143,04/03/19 13:45:34,https://activategood.org/improve-your-health-by-volunteering/,2,04/03/19
144,04/03/19 13:45:34,https://activategood.org/nonprofit/262,5,04/03/19
145,04/03/19 13:45:34,https://activategood.org/nvw2019,108,04/03/19
146,04/03/19 13:45:34,https://activategood.org/opportunity/2544#tab-what,8,04/03/19
147,04/03/19 13:45:34,https://activategood.org/opportunity/3106#tab-what,9,04/03/19
148,04/03/19 13:45:34,https://activategood.org/opportunity/4273#tab-what,2,04/03/19
149,04/03/19 13:45:34,https://activategood.org/opportunity/4445#tab-what,6,04/03/19
150,04/03/19 13:45:34,https://activategood.org/opportunity/4447#tab-what,11,04/03/19
151,04/03/19 13:45:34,https://activategood.org/opportunity/4505#tab-what,13,04/03/19
152,04/03/19 13:45:34,https://activategood.org/opportunity/4508,3,04/03/19
153,04/03/19 13:45:34,https://activategood.org/opportunity/614#tab-what,8,04/03/19
154,04/03/19 13:45:34,https://activategood.org/spreading-good-junior-youth-group-of-tryon-pines/,2,04/03/19
155,04/03/19 13:45:34,https://activategood.org/teenschangetheworld2019/,31,04/03/19
156,04/03/19 13:45:34,https://twitter.com/activategood,2,04/03/19
157,04/03/19 13:45:34,https://www.facebook.com/activategood/,2,04/03/19
158,04/03/19 13:45:34,https://www.instagram.com/activategood/,2,04/03/19
159,04/11/20 14:07:37,https://activategood.org/,10,04/11/20
160,04/11/20 14:07:37,https://activategood.org/blog,2,04/11/20
161,04/11/20 14:07:37,https://activategood.org/covid19/,66,04/11/20
162,04/11/20 14:07:37,https://activategood.org/donate,1,04/11/20
163,04/11/20 14:07:37,https://activategood.org/operationaccess/,386,04/11/20
164,04/11/20 14:07:37,https://activategood.org/opportunity/5135,122,04/11/20
165,04/11/20 14:07:37,https://activategood.org/remote-volunteer-opportunities,7,04/11/20
166,04/11/20 14:07:37,https://activategood.org/wp-content/uploads/2020/04/Op-Sr-Smiles-flyer-Apr2020.pdf,109,04/11/20
167,04/11/20 14:07:37,https://activategood.org/wp-content/uploads/2020/04/RemoteVolunteerProject-UpcycledButterflyFeeders.pdf,82,04/11/20
168,04/11/20 14:07:37,https://twitter.com/activategood,1,04/11/20
169,04/11/20 14:07:37,https://www.facebook.com/activategood/,4,04/11/20
170,04/11/20 14:07:37,https://www.instagram.com/activategood/,1,04/11/20
171,04/11/20 14:07:37,https://youtu.be/_Llxn-psvfI,2,04/11/20
172,04/22/20 12:07:49,http://wildwoodsfarmnc.com/,37,04/22/20
173,04/22/20 12:07:49,https://activategood.org/,35,04/22/20
174,04/22/20 12:07:49,https://activategood.org/donate,29,04/22/20
175,04/22/20 12:07:49,https://activategood.org/opportunity/5141,40,04/22/20
176,04/22/20 12:07:49,https://activategood.org/opportunity/5146,58,04/22/20
177,04/22/20 12:07:49,https://raleighmag.com/2020/03/good-hub/,25,04/22/20
178,04/22/20 12:07:49,https://twitter.com/activategood,25,04/22/20
179,04/22/20 12:07:49,https://www.curamericas.org/ourwork/,40,04/22/20
180,04/22/20 12:07:49,https://www.facebook.com/activategood/,32,04/22/20
181,04/22/20 12:07:49,https://www.instagram.com/activategood/,30,04/22/20
182,04/22/20 12:07:49,https://www.unchealthcare.org/coronavirus/ways-to-help/,74,04/22/20
183,04/22/20 12:07:49,https://youtu.be/_Llxn-psvfI,56,04/22/20
184,04/28/20 17:15:43,http://www.iamchrishendricks.com/,15,04/28/20
185,04/28/20 17:15:43,http://www.juniorachievementnc.com/,22,04/28/20
186,04/28/20 17:15:43,http://www.larryscoffee.com/,25,04/28/20
187,04/28/20 17:15:43,http://www.secondchancenc.org/,24,04/28/20
188,04/28/20 17:15:43,https://activategood.org/,20,04/28/20
189,04/28/20 17:15:43,https://activategood.org/covid19,13,04/28/20
190,04/28/20 17:15:43,https://activategood.org/covid19/,93,04/28/20
191,04/28/20 17:15:43,https://activategood.org/donate,17,04/28/20
192,04/28/20 17:15:43,https://activategood.org/operationhandup/,145,04/28/20
193,04/28/20 17:15:43,https://activategood.org/opportunity/5149,78,04/28/20
194,04/28/20 17:15:43,https://activategood.org/opportunity/5154,30,04/28/20
195,04/28/20 17:15:43,https://activategood.org/product/larrys-limited-edition-coffee-brew-good-blend/,44,04/28/20
196,04/28/20 17:15:43,https://activategood.org/remote,84,04/28/20
197,04/28/20 17:15:43,https://activategood.org/remote-volunteer-project-diy-shirt-toys-dogs/,58,04/28/20
198,04/28/20 17:15:43,https://oakcitycares.org/,24,04/28/20
199,04/28/20 17:15:43,https://twitter.com/activategood,18,04/28/20
200,04/28/20 17:15:43,https://www.facebook.com/activategood/,16,04/28/20
201,04/28/20 17:15:43,https://www.facebook.com/activategood/?eid=ARB4Q91jhFgegZJzKKRv8iaGGAJ26nTpKK8Yf1VHCIYABrkKOEJOyS7c9b884AJVFGedVYv3x6Y3JECy,11,04/28/20
202,04/28/20 17:15:43,https://www.facebook.com/events/2644248899232364/,22,04/28/20
203,04/28/20 17:15:43,https://www.instagram.com/activategood/,30,04/28/20
204,04/28/20 17:15:43,https://www.youtube.com/watch?v=0fDkaYSVkF4,25,04/28/20
205,05/01/19 15:21:32,https://activategood.org/,7,05/01/19
206,05/01/19 15:21:32,https://activategood.org/and-the-rest-was-history-a-volunteer-story/,1,05/01/19
207,05/01/19 15:21:32,https://activategood.org/cookbook,1,05/01/19
208,05/01/19 15:21:32,https://activategood.org/cookbook/,12,05/01/19
209,05/01/19 15:21:32,https://activategood.org/donate,2,05/01/19
210,05/01/19 15:21:32,https://activategood.org/nonprofit/262,8,05/01/19
211,05/01/19 15:21:32,https://activategood.org/opportunity/4331#tab-shifts,10,05/01/19
212,05/01/19 15:21:32,https://activategood.org/opportunity/4447#tab-what,8,05/01/19
213,05/01/19 15:21:32,https://activategood.org/opportunity/4529#tab-what,10,05/01/19
214,05/01/19 15:21:32,https://activategood.org/opportunity/4530#tab-shifts,5,05/01/19
215,05/01/19 15:21:32,https://activategood.org/opportunity/4532#tab-what,9,05/01/19
216,05/01/19 15:21:32,https://activategood.org/opportunity/4533#tab-what,7,05/01/19
217,05/01/19 15:21:32,https://activategood.org/opportunity/4539#tab-what,7,05/01/19
218,05/01/19 15:21:32,https://activategood.org/opportunity/4544#tab-what,25,05/01/19
219,05/01/19 15:21:32,https://activategood.org/passion-for-education-volunteer-story/,5,05/01/19
220,05/01/19 15:21:32,https://activategood.org/teenschangetheworld2019,2,05/01/19
221,05/01/19 15:21:32,https://activategood.org/teenschangetheworld2019/,41,05/01/19
222,05/01/19 15:21:32,https://twitter.com/activategood,1,05/01/19
223,05/01/19 15:21:32,https://www.facebook.com/activategood/,2,05/01/19
224,05/01/19 15:21:32,https://www.instagram.com/activategood/,4,05/01/19
225,05/05/20 08:40:17,http://www.iamchrishendricks.com/,22,05/05/20
226,05/05/20 08:40:17,http://www.zachstoychest.org/,19,05/05/20
227,05/05/20 08:40:17,https://activategood.org/,24,05/05/20
228,05/05/20 08:40:17,https://activategood.org/donate,25,05/05/20
229,05/05/20 08:40:17,https://activategood.org/opportunity/4146,33,05/05/20
230,05/05/20 08:40:17,https://activategood.org/opportunity/5103#tab-what,27,05/05/20
231,05/05/20 08:40:17,https://activategood.org/opportunity/5123,34,05/05/20
232,05/05/20 08:40:17,https://rustysrescueranch.com/,27,05/05/20
233,05/05/20 08:40:17,https://secure.lglforms.com/form_engine/s/Rkoj-1l4WVRIiWjqKEHuxA,27,05/05/20
234,05/05/20 08:40:17,https://twitter.com/activategood,14,05/05/20
235,05/05/20 08:40:17,https://www.facebook.com/activategood/,23,05/05/20
236,05/05/20 08:40:17,https://www.facebook.com/chris.hendricks2,18,05/05/20
237,05/05/20 08:40:17,https://www.facebook.com/events/2644248899232364/,29,05/05/20
238,05/05/20 08:40:17,https://www.guidestar.org/profile/20-3057526?fbclid=IwAR1hVPmSZc99Kkv52oJKWM2PaZYafyyprgMZqghP25-cwXRyWcgv7bjvcJQ,14,05/05/20
239,05/05/20 08:40:17,https://www.instagram.com/activategood/,25,05/05/20
240,05/05/20 08:40:17,https://www.youtube.com/watch?v=0fDkaYSVkF4,26,05/05/20
241,05/13/20 14:08:31,https://activategood.org/,31,05/13/20
242,05/13/20 14:08:31,https://activategood.org/donate,26,05/13/20
243,05/13/20 14:08:31,https://activategood.org/opportunity/5155#tab-details,37,05/13/20
244,05/13/20 14:08:31,https://activategood.org/opportunity/5160,42,05/13/20
245,05/13/20 14:08:31,https://activategood.org/triangle-nonprofits-pandemic/,30,05/13/20
246,05/13/20 14:08:31,https://activategood.org/virtual-volunteer-readers/,58,05/13/20
247,05/13/20 14:08:31,https://docs.google.com/forms/d/e/1FAIpQLSeS4odBWMq1CurCt9lk0J90bqWVarVJ3zEgXkMzRDgSxYbxlQ/viewform,40,05/13/20
248,05/13/20 14:08:31,https://foodshuttle.galaxydigital.com/agency/detail/?agency_id=93791,40,05/13/20
249,05/13/20 14:08:31,https://forms.gle/xhpLYnA55EkFj8zA7,121,05/13/20
250,05/13/20 14:08:31,https://twitter.com/activategood,25,05/13/20
251,05/13/20 14:08:31,https://www.catholiccharitiesraleigh.org/,28,05/13/20
252,05/13/20 14:08:31,https://www.facebook.com/activategood/,24,05/13/20
253,05/13/20 14:08:31,https://www.foodshuttle.org/,36,05/13/20
254,05/13/20 14:08:31,https://www.instagram.com/activategood/,17,05/13/20
255,05/13/20 14:08:31,https://www.learningtogether.org/,35,05/13/20
256,05/20/20 12:43:02,https://activategood.org/,27,05/20/20
257,05/20/20 12:43:02,https://activategood.org/blog,15,05/20/20
258,05/20/20 12:43:02,https://activategood.org/covid19/,41,05/20/20
259,05/20/20 12:43:02,https://activategood.org/donate,13,05/20/20
260,05/20/20 12:43:02,https://activategood.org/opportunity,44,05/20/20
261,05/20/20 12:43:02,https://activategood.org/opportunity/5131,20,05/20/20
262,05/20/20 12:43:02,https://activategood.org/teenschangetheworld/,34,05/20/20
263,05/20/20 12:43:02,https://activategood.org/triangle-nonprofits-pandemic/,26,05/20/20
264,05/20/20 12:43:02,https://activategood.org/wp-content/uploads/2020/04/Op-Sr-Smiles-flyer-Apr2020.pdf,66,05/20/20
265,05/20/20 12:43:02,https://docs.google.com/forms/d/e/1FAIpQLScAclGyJNwEHIIXwz8QkpdgA86amEf7sSZwxmwJPCfd3Va2gg/viewform,65,05/20/20
266,05/20/20 12:43:02,https://docs.google.com/forms/d/e/1FAIpQLScDBxysRXGCL_k7GDYfd6lEPGx6IesfD1OakIp487pVXGAsXQ/viewform,46,05/20/20
267,05/20/20 12:43:02,https://twitter.com/activategood,13,05/20/20
268,05/20/20 12:43:02,https://www.facebook.com/activategood/,18,05/20/20
269,05/20/20 12:43:02,https://www.instagram.com/activategood/,21,05/20/20
270,05/20/20 12:43:02,https://www.lungcancerinitiativenc.org/,28,05/20/20
271,05/20/20 12:43:02,https://www.youcanvote.org/gonedigital,27,05/20/20
272,05/27/20 14:35:57,https://activategood.org/,32,05/27/20
273,05/27/20 14:35:57,https://activategood.org/coronavirus-nonprofit-report/,70,05/27/20
274,05/27/20 14:35:57,https://activategood.org/donate,38,05/27/20
275,05/27/20 14:35:57,https://activategood.org/impacts/,49,05/27/20
276,05/27/20 14:35:57,https://activategood.org/opportunity/5139,60,05/27/20
277,05/27/20 14:35:57,https://activategood.org/opportunity/5165,59,05/27/20
278,05/27/20 14:35:57,https://activategood.org/trianglecausewiki/,46,05/27/20
279,05/27/20 14:35:57,https://twitter.com/activategood,27,05/27/20
280,05/27/20 14:35:57,https://wildwoodsfarmnc.com/,36,05/27/20
281,05/27/20 14:35:57,https://www.facebook.com/activategood/,28,05/27/20
282,05/27/20 14:35:57,https://www.instagram.com/activategood/,23,05/27/20
283,06/04/19 07:32:06,https://activategood.org/,6,06/04/19
284,06/04/19 07:32:06,https://activategood.org/911day2019-grouppreregistration/,25,06/04/19
285,06/04/19 07:32:06,https://activategood.org/cookbook/,5,06/04/19
286,06/04/19 07:32:06,https://activategood.org/donate,2,06/04/19
287,06/04/19 07:32:06,https://activategood.org/nonprofit/262,3,06/04/19
288,06/04/19 07:32:06,https://activategood.org/opportunity/3329#tab-what,6,06/04/19
289,06/04/19 07:32:06,https://activategood.org/opportunity/4437#tab-what,7,06/04/19
290,06/04/19 07:32:06,https://activategood.org/opportunity/4511#tab-what,10,06/04/19
291,06/04/19 07:32:06,https://activategood.org/opportunity/4563#tab-what,17,06/04/19
292,06/04/19 07:32:06,https://activategood.org/opportunity/4571#tab-what,11,06/04/19
293,06/04/19 07:32:06,https://activategood.org/opportunity/4572#tab-what,8,06/04/19
294,06/04/19 07:32:06,https://activategood.org/opportunity/4574#tab-what,6,06/04/19
295,06/04/19 07:32:06,https://activategood.org/opportunity/4578#tab-what,13,06/04/19
296,06/04/19 07:32:06,https://activategood.org/teenschangetheworld2019,1,06/04/19
297,06/04/19 07:32:06,https://activategood.org/teenschangetheworld2019/,32,06/04/19
298,06/04/19 07:32:06,https://activategood.org/wp-content/uploads/2019/05/TeensChangeTheWorld-Week12019.pdf,6,06/04/19
299,06/04/19 07:32:06,https://activategood.org/wp-content/uploads/2019/05/TeensChangeTheWorld-Week22019.pdf,3,06/04/19
300,06/04/19 07:32:06,https://twitter.com/activategood,1,06/04/19
301,06/04/19 07:32:06,https://www.facebook.com/activategood/,3,06/04/19
302,06/04/19 07:32:06,https://www.instagram.com/activategood/,3,06/04/19
303,06/05/20 07:50:35,http://www.activategood.org/,15,06/05/20
304,06/05/20 07:50:35,https://activategood.org/,21,06/05/20
305,06/05/20 07:50:35,https://activategood.org/donate,22,06/05/20
306,06/05/20 07:50:35,https://activategood.org/opportunity/5163,51,06/05/20
307,06/05/20 07:50:35,https://activategood.org/smart/,42,06/05/20
308,06/05/20 07:50:35,https://activategood.org/social-distanced-volunteering/,67,06/05/20
309,06/05/20 07:50:35,https://activategood.org/wp-content/uploads/2020/05/CommunityEngagementSurvey-ActivateGood2020FINAL.pdf,18,06/05/20
310,06/05/20 07:50:35,https://activategood.org/wp-content/uploads/2020/05/SmARTSummerSupplyDrive-WishListFINAL.pdf,80,06/05/20
311,06/05/20 07:50:35,https://docs.google.com/forms/d/e/1FAIpQLScDBxysRXGCL_k7GDYfd6lEPGx6IesfD1OakIp487pVXGAsXQ/viewform,34,06/05/20
312,06/05/20 07:50:35,https://twitter.com/activategood,14,06/05/20
313,06/05/20 07:50:35,https://volunteercaregiving.org/,33,06/05/20
314,06/05/20 07:50:35,https://volunteercaregiving.org/volunteer-2/#volunteer-signup,25,06/05/20
315,06/05/20 07:50:35,https://www.amazon.com/gp/registry/wishlist/H6EEWIVCSYZ3/ref=cm_wl_huc_view,26,06/05/20
316,06/05/20 07:50:35,https://www.amazon.com/hz/wishlist/ls/H6EEWIVCSYZ3/ref=hz_ls_biz_ex,54,06/05/20
317,06/05/20 07:50:35,https://www.artintimacy.org/,36,06/05/20
318,06/05/20 07:50:35,https://www.facebook.com/activategood/,17,06/05/20
319,06/05/20 07:50:35,https://www.instagram.com/activategood/,14,06/05/20
320,06/05/20 07:50:35,https://www.youcanvote.org/gonedigital,35,06/05/20
321,06/10/20 11:24:22,https://activategood.org/,19,06/10/20
322,06/10/20 11:24:22,https://activategood.org/black-led-triangle-nonprofits/,47,06/10/20
323,06/10/20 11:24:22,https://activategood.org/donate,28,06/10/20
324,06/10/20 11:24:22,https://activategood.org/opportunity/2327,32,06/10/20
325,06/10/20 11:24:22,https://activategood.org/opportunity/5163,70,06/10/20
326,06/10/20 11:24:22,https://activategood.org/smart/,36,06/10/20
327,06/10/20 11:24:22,https://activategood.org/trianglecausewiki/,38,06/10/20
328,06/10/20 11:24:22,https://activategood.org/united,22,06/10/20
329,06/10/20 11:24:22,https://activategood.org/wp-content/uploads/2020/05/SmARTSummerSupplyDrive-WishListFINAL.pdf,75,06/10/20
330,06/10/20 11:24:22,https://docs.google.com/forms/d/e/1FAIpQLSdt7CbAHESSoCWm_j3eKBO7KfJGKDNXcpqBNRoPawh9P8GH9Q/viewform?usp=sf_link,24,06/10/20
331,06/10/20 11:24:22,https://twitter.com/activategood,17,06/10/20
332,06/10/20 11:24:22,https://us02web.zoom.us/meeting/register/tZ0rf-6upzssGtKgVMkznkdR1nZKg9aa9DVN,24,06/10/20
333,06/10/20 11:24:22,https://www.amazon.com/gp/registry/wishlist/H6EEWIVCSYZ3/ref=cm_wl_huc_view,36,06/10/20
334,06/10/20 11:24:22,https://www.amazon.com/hz/wishlist/ls/H6EEWIVCSYZ3/ref=hz_ls_biz_ex,62,06/10/20
335,06/10/20 11:24:22,https://www.facebook.com/activategood/,18,06/10/20
336,06/10/20 11:24:22,https://www.instagram.com/activategood/,19,06/10/20
337,06/17/20 07:21:09,https://activategood.org/,24,06/17/20
338,06/17/20 07:21:09,https://activategood.org/donate,22,06/17/20
339,06/17/20 07:21:09,https://activategood.org/opportunity,39,06/17/20
340,06/17/20 07:21:09,https://activategood.org/opportunity/5139,31,06/17/20
341,06/17/20 07:21:09,https://activategood.org/remote-volunteer-project-diy-shirt-toys-dogs/,46,06/17/20
342,06/17/20 07:21:09,https://activategood.org/wp-content/uploads/2020/06/SendASmile_digital.pdf,57,06/17/20
343,06/17/20 07:21:09,https://docs.google.com/forms/d/e/1FAIpQLSc7hxiJOXuENpd550X3sbbHr--CDDBhV2I74go-fKPtJ3WPBg/viewform,107,06/17/20
344,06/17/20 07:21:09,https://docs.google.com/forms/d/e/1FAIpQLSdt7CbAHESSoCWm_j3eKBO7KfJGKDNXcpqBNRoPawh9P8GH9Q/viewform?usp=sf_link,35,06/17/20
345,06/17/20 07:21:09,https://transitionslifecare.org/,31,06/17/20
346,06/17/20 07:21:09,https://twitter.com/activategood,18,06/17/20
347,06/17/20 07:21:09,https://us02web.zoom.us/meeting/register/tZ0rf-6upzssGtKgVMkznkdR1nZKg9aa9DVN,39,06/17/20
348,06/17/20 07:21:09,https://wildwoodsfarmnc.com/,14,06/17/20
349,06/17/20 07:21:09,https://www.facebook.com/activategood/,24,06/17/20
350,06/17/20 07:21:09,https://www.instagram.com/activategood/,26,06/17/20
351,06/17/20 07:21:09,https://www.secondchancenc.org/,30,06/17/20
352,06/24/20 07:21:17,http://wildwoodsfarmnc.com/,36,06/24/20
353,06/24/20 07:21:17,https://activategood.org/,36,06/24/20
354,06/24/20 07:21:17,https://activategood.org/donate,35,06/24/20
355,06/24/20 07:21:17,https://activategood.org/opportunity/5179,66,06/24/20
356,06/24/20 07:21:17,https://activategood.org/opportunity/5186,38,06/24/20
357,06/24/20 07:21:17,https://activategood.org/opportunity/5192,59,06/24/20
358,06/24/20 07:21:17,https://corralriding.org/,28,06/24/20
359,06/24/20 07:21:17,https://docs.google.com/forms/d/e/1FAIpQLSdt7CbAHESSoCWm_j3eKBO7KfJGKDNXcpqBNRoPawh9P8GH9Q/viewform?usp=sf_link,50,06/24/20
360,06/24/20 07:21:17,https://twitter.com/activategood,29,06/24/20
361,06/24/20 07:21:17,https://us02web.zoom.us/meeting/register/tZMld-yuqj0pGtKZI0gFaxYxxohQfK9LWcMQ,36,06/24/20
362,06/24/20 07:21:17,https://www.facebook.com/activategood/,23,06/24/20
363,06/24/20 07:21:17,https://www.instagram.com/activategood/,24,06/24/20
364,07/01/20 06:51:53,http://www.activategood.org/smart,18,07/01/20
365,07/01/20 06:51:53,https://activategood.org/,26,07/01/20
366,07/01/20 06:51:53,https://activategood.org/covid19/,24,07/01/20
367,07/01/20 06:51:53,https://activategood.org/donate,23,07/01/20
368,07/01/20 06:51:53,https://activategood.org/join-board/,54,07/01/20
369,07/01/20 06:51:53,https://activategood.org/opportunity,29,07/01/20
370,07/01/20 06:51:53,https://activategood.org/opportunity/5163,42,07/01/20
371,07/01/20 06:51:53,https://activategood.org/opportunity/5195,36,07/01/20
372,07/01/20 06:51:53,https://activategood.org/opportunity/5199,24,07/01/20
373,07/01/20 06:51:53,https://activategood.org/smart/,18,07/01/20
374,07/01/20 06:51:53,https://activategood.org/united/,21,07/01/20
375,07/01/20 06:51:53,https://twitter.com/activategood,15,07/01/20
376,07/01/20 06:51:53,https://us02web.zoom.us/meeting/register/tZMld-yuqj0pGtKZI0gFaxYxxohQfK9LWcMQ,19,07/01/20
377,07/01/20 06:51:53,https://www.corafoodpantry.org/,14,07/01/20
378,07/01/20 06:51:53,https://www.facebook.com/activategood/,22,07/01/20
379,07/01/20 06:51:53,https://www.instagram.com/activategood/,15,07/01/20
380,07/01/20 06:51:53,https://www.linkedin.com/company/2248859/,23,07/01/20
381,07/01/20 06:51:53,https://www.theloadingdock.com/,11,07/01/20
382,07/01/20 06:51:53,https://www.youtube.com/watch?v=ba2tkCwpT-k,28,07/01/20
383,07/08/19 06:51:25,http://,1,07/08/19
384,07/08/19 06:51:25,https://activategood.org/,10,07/08/19
385,07/08/19 06:51:25,https://activategood.org/911day2019-grouppreregistration,3,07/08/19
386,07/08/19 06:51:25,https://activategood.org/911day2019-grouppreregistration/,67,07/08/19
387,07/08/19 06:51:25,https://activategood.org/donate,2,07/08/19
388,07/08/19 06:51:25,https://activategood.org/opportunity/3329#tab-what,10,07/08/19
389,07/08/19 06:51:25,https://activategood.org/opportunity/4437#tab-what,14,07/08/19
390,07/08/19 06:51:25,https://activategood.org/opportunity/4492,2,07/08/19
391,07/08/19 06:51:25,https://activategood.org/opportunity/4563#tab-what,27,07/08/19
392,07/08/19 06:51:25,https://activategood.org/opportunity/4568#tab-what,16,07/08/19
393,07/08/19 06:51:25,https://activategood.org/opportunity/4605#tab-what,11,07/08/19
394,07/08/19 06:51:25,https://activategood.org/opportunity/4631#tab-shifts,22,07/08/19
395,07/08/19 06:51:25,https://activategood.org/opportunity/4663#tab-what,17,07/08/19
396,07/08/19 06:51:25,https://activategood.org/opportunity/614#tab-what,6,07/08/19
397,07/08/19 06:51:25,https://activategood.org/teenschangetheworld2019/,22,07/08/19
398,07/08/19 06:51:25,https://activategood.org/wp-content/uploads/2019/05/TeensChangeTheWorld-Week22019.pdf,10,07/08/19
399,07/08/19 06:51:25,https://twitter.com/activategood,3,07/08/19
400,07/08/19 06:51:25,https://www.facebook.com/activategood/,3,07/08/19
401,07/08/19 06:51:25,https://www.instagram.com/activategood/,4,07/08/19
402,07/08/20 06:51:04,http://www.activategood.org/,31,07/08/20
403,07/08/20 06:51:04,https://activategood.org/,29,07/08/20
404,07/08/20 06:51:04,https://activategood.org/covid19,24,07/08/20
405,07/08/20 06:51:04,https://activategood.org/donate,20,07/08/20
406,07/08/20 06:51:04,https://activategood.org/join-board/,153,07/08/20
407,07/08/20 06:51:04,https://activategood.org/operationsummerhunger/,79,07/08/20
408,07/08/20 06:51:04,https://activategood.org/opportunity,45,07/08/20
409,07/08/20 06:51:04,https://activategood.org/opportunity/5188,26,07/08/20
410,07/08/20 06:51:04,https://activategood.org/opportunity/5193,38,07/08/20
411,07/08/20 06:51:04,https://activategood.org/opportunity/5195,40,07/08/20
412,07/08/20 06:51:04,https://twitter.com/activategood,22,07/08/20
413,07/08/20 06:51:04,https://us02web.zoom.us/meeting/register/tZMld-yuqj0pGtKZI0gFaxYxxohQfK9LWcMQ,20,07/08/20
414,07/08/20 06:51:04,https://us02web.zoom.us/meeting/register/tZYuduihpjMrGNb9IwBR32owfDbrCBRr550r,22,07/08/20
415,07/08/20 06:51:04,https://us02web.zoom.us/meeting/register/tZYuduihpjMrGNb9IwBR32owfDbrCBRr550r%20,10,07/08/20
416,07/08/20 06:51:04,https://www.facebook.com/activategood/,16,07/08/20
417,07/08/20 06:51:04,https://www.instagram.com/activategood/,16,07/08/20
418,07/08/20 06:51:04,https://www.soiltrotters.org/,23,07/08/20
419,07/21/20 07:05:50,http://wildwoodsfarmnc.com/,43,07/21/20
420,07/21/20 07:05:50,https://activategood.org/,29,07/21/20
421,07/21/20 07:05:50,https://activategood.org/donate,19,07/21/20
422,07/21/20 07:05:50,https://activategood.org/operationsummerhunger/,100,07/21/20
423,07/21/20 07:05:50,https://activategood.org/opportunity/5199,43,07/21/20
424,07/21/20 07:05:50,https://activategood.org/opportunity/5219,85,07/21/20
425,07/21/20 07:05:50,https://activategood.org/opportunity/5224,65,07/21/20
426,07/21/20 07:05:50,https://activategood.org/united,16,07/21/20
427,07/21/20 07:05:50,https://activategood.org/united/,25,07/21/20
428,07/21/20 07:05:50,https://docs.google.com/forms/d/e/1FAIpQLSdt7CbAHESSoCWm_j3eKBO7KfJGKDNXcpqBNRoPawh9P8GH9Q/viewform?usp=sf_link,26,07/21/20
429,07/21/20 07:05:50,https://secure.lglforms.com/form_engine/s/9krEk8xlVTtTcNGy_0EyDg,34,07/21/20
430,07/21/20 07:05:50,https://twitter.com/activategood,17,07/21/20
431,07/21/20 07:05:50,https://us02web.zoom.us/meeting/register/tZYod-6oqjwrHtVgsTZ1mqBNKgG0OKYMd1V5,38,07/21/20
432,07/21/20 07:05:50,https://wakeupandread.org/,34,07/21/20
433,07/21/20 07:05:50,https://www.corafoodpantry.org/,23,07/21/20
434,07/21/20 07:05:50,https://www.facebook.com/activategood/,23,07/21/20
435,07/21/20 07:05:50,https://www.instagram.com/activategood/,16,07/21/20
436,07/29/20 13:30:36,https://activategood.org/,15,07/29/20
437,07/29/20 13:30:36,https://activategood.org/covid19,31,07/29/20
438,07/29/20 13:30:36,https://activategood.org/donate,20,07/29/20
439,07/29/20 13:30:36,https://activategood.org/operationsummerhunger/,20,07/29/20
440,07/29/20 13:30:36,https://activategood.org/opportunity,46,07/29/20
441,07/29/20 13:30:36,https://activategood.org/opportunity/5163,31,07/29/20
442,07/29/20 13:30:36,https://activategood.org/opportunity/5193,23,07/29/20
443,07/29/20 13:30:36,https://activategood.org/opportunity/5235,23,07/29/20
444,07/29/20 13:30:36,https://activategood.org/opportunity/5235#tab-details,29,07/29/20
445,07/29/20 13:30:36,https://activategood.org/opportunity/5235#tab-shifts,19,07/29/20
446,07/29/20 13:30:36,https://activategood.org/opportunity/5236,26,07/29/20
447,07/29/20 13:30:36,https://activategood.org/product/signs-for-good/,68,07/29/20
448,07/29/20 13:30:36,https://activategood.org/signs/,13,07/29/20
449,07/29/20 13:30:36,https://twitter.com/activategood,18,07/29/20
450,07/29/20 13:30:36,https://us02web.zoom.us/meeting/register/tZMld-yuqj0pGtKZI0gFaxYxxohQfK9LWcMQ,11,07/29/20
451,07/29/20 13:30:36,https://us02web.zoom.us/meeting/register/tZYod-6oqjwrHtVgsTZ1mqBNKgG0OKYMd1V5%20,9,07/29/20
452,07/29/20 13:30:36,https://us02web.zoom.us/meeting/register/tZYuduihpjMrGNb9IwBR32owfDbrCBRr550r,17,07/29/20
453,07/29/20 13:30:36,https://www.aas-c.org/alliance-care-services/food-pantry.html,16,07/29/20
454,07/29/20 13:30:36,https://www.facebook.com/activategood/,17,07/29/20
455,07/29/20 13:30:36,https://www.instagram.com/activategood/,11,07/29/20
456,08/05/19 07:50:06,http://https%3A%2F%2Factivategood.org%2F911day2019,1,08/05/19
457,08/05/19 07:50:06,https://911eveningcommemoration2019.eventbrite.com/,10,08/05/19
458,08/05/19 07:50:06,https://911eveningcommemoration2019eventbrite.com/,1,08/05/19
459,08/05/19 07:50:06,https://activategood.org/,3,08/05/19
460,08/05/19 07:50:06,https://activategood.org/911day2019,76,08/05/19
461,08/05/19 07:50:06,https://activategood.org/donate,1,08/05/19
462,08/05/19 07:50:06,https://activategood.org/opportunity,19,08/05/19
463,08/05/19 07:50:06,https://activategood.org/opportunity/3884#tab-what,6,08/05/19
464,08/05/19 07:50:06,https://activategood.org/opportunity/4502#tab-what,9,08/05/19
465,08/05/19 07:50:06,https://activategood.org/opportunity/4563#tab-what,11,08/05/19
466,08/05/19 07:50:06,https://activategood.org/opportunity/4603#tab-what,5,08/05/19
467,08/05/19 07:50:06,https://activategood.org/opportunity/4631#tab-what,8,08/05/19
468,08/05/19 07:50:06,https://activategood.org/opportunity/4741#tab-what,5,08/05/19
469,08/05/19 07:50:06,https://activategood.org/opportunity/4748,3,08/05/19
470,08/05/19 07:50:06,https://activategood.org/opportunity/4756#tab-what,7,08/05/19
471,08/05/19 07:50:06,https://activategood.org/opportunity/614#tab-what,7,08/05/19
472,08/05/19 07:50:06,https://activategood.org/product/9-11-day-of-service-2019-t-shirt,3,08/05/19
473,08/05/19 07:50:06,https://activategood.org/product/9-11-day-of-service-2019-t-shirt/,19,08/05/19
474,08/05/19 07:50:06,https://twitter.com/activategood,2,08/05/19
475,08/05/19 07:50:06,https://www.facebook.com/activategood/,2,08/05/19
476,08/05/19 07:50:06,https://www.instagram.com/activategood/,1,08/05/19
477,08/05/20 07:32:44,https://activategood.org/,29,08/05/20
478,08/05/20 07:32:44,https://activategood.org/covid19,33,08/05/20
479,08/05/20 07:32:44,https://activategood.org/donate,21,08/05/20
480,08/05/20 07:32:44,https://activategood.org/operationaccesspart2/,466,08/05/20
481,08/05/20 07:32:44,https://activategood.org/opportunity,42,08/05/20
482,08/05/20 07:32:44,https://activategood.org/opportunity/5163#tab-shifts,41,08/05/20
483,08/05/20 07:32:44,https://activategood.org/opportunity/5235,41,08/05/20
484,08/05/20 07:32:44,https://activategood.org/opportunity/5235#tab-details,45,08/05/20
485,08/05/20 07:32:44,https://activategood.org/opportunity/5235#tab-shifts,12,08/05/20
486,08/05/20 07:32:44,https://activategood.org/opportunity/5238,23,08/05/20
487,08/05/20 07:32:44,https://activategood.org/opportunity/5239,80,08/05/20
488,08/05/20 07:32:44,https://activategood.org/product/signs-for-good/,34,08/05/20
489,08/05/20 07:32:44,https://twitter.com/activategood,18,08/05/20
490,08/05/20 07:32:44,https://us02web.zoom.us/meeting/register/tZMld-yuqj0pGtKZI0gFaxYxxohQfK9LWcMQ,22,08/05/20
491,08/05/20 07:32:44,https://us02web.zoom.us/meeting/register/tZYkc-iorjktHtWzU1flW8EMG1QySCPdxk-n%20,12,08/05/20
492,08/05/20 07:32:44,https://www.caare-inc.org/,13,08/05/20
493,08/05/20 07:32:44,https://www.facebook.com/activategood/,20,08/05/20
494,08/05/20 07:32:44,https://www.instagram.com/activategood/,12,08/05/20
495,08/12/20 07:30:47,http://wakebgc.org/,20,08/12/20
496,08/12/20 07:30:47,http://www.activategood.org/operationaccesspart2,18,08/12/20
497,08/12/20 07:30:47,http://www.activategood.org/united,31,08/12/20
498,08/12/20 07:30:47,https://activategood.org/,20,08/12/20
499,08/12/20 07:30:47,https://activategood.org/covid19,23,08/12/20
500,08/12/20 07:30:47,https://activategood.org/donate,16,08/12/20
501,08/12/20 07:30:47,https://activategood.org/operationsummerhunger/,25,08/12/20
502,08/12/20 07:30:47,https://activategood.org/opportunity,38,08/12/20
503,08/12/20 07:30:47,https://activategood.org/opportunity/5193,27,08/12/20
504,08/12/20 07:30:47,https://activategood.org/opportunity/5236,21,08/12/20
505,08/12/20 07:30:47,https://activategood.org/opportunity/5250,40,08/12/20
506,08/12/20 07:30:47,https://activategood.org/product/signs-for-good/,27,08/12/20
507,08/12/20 07:30:47,https://twitter.com/activategood,15,08/12/20
508,08/12/20 07:30:47,https://us02web.zoom.us/meeting/register/tZYkc-iorjktHtWzU1flW8EMG1QySCPdxk-n,31,08/12/20
509,08/12/20 07:30:47,https://www.aas-c.org/alliance-care-services/food-pantry.html,12,08/12/20
510,08/12/20 07:30:47,https://www.eventbrite.com/e/activate-good-wcpss-call-for-volunteers-operation-access-5-locations-tickets-115895078299,130,08/12/20
511,08/12/20 07:30:47,https://www.facebook.com/activategood/,20,08/12/20
512,08/12/20 07:30:47,https://www.instagram.com/activategood/,15,08/12/20
513,08/19/20 07:05:32,http://www.activategood.org/operationaccesspart2,12,08/19/20
514,08/19/20 07:05:32,http://www.wcwc.org/,19,08/19/20
515,08/19/20 07:05:32,https://activategood.org/,17,08/19/20
516,08/19/20 07:05:32,https://activategood.org/donate,15,08/19/20
517,08/19/20 07:05:32,https://activategood.org/opportunity,23,08/19/20
518,08/19/20 07:05:32,https://activategood.org/opportunity/5251,30,08/19/20
519,08/19/20 07:05:32,https://activategood.org/opportunity/5253,14,08/19/20
520,08/19/20 07:05:32,https://activategood.org/opportunity/5260#tab-what,25,08/19/20
521,08/19/20 07:05:32,https://activategood.org/united,33,08/19/20
522,08/19/20 07:05:32,https://activategood.org/united/,27,08/19/20
523,08/19/20 07:05:32,https://activategood.org/unitedwehelp2020,25,08/19/20
524,08/19/20 07:05:32,https://attendedevents.com/about,16,08/19/20
525,08/19/20 07:05:32,https://new.mortgageinsurance.genworth.com/,11,08/19/20
526,08/19/20 07:05:32,https://twitter.com/activategood,15,08/19/20
527,08/19/20 07:05:32,https://us02web.zoom.us/meeting/register/tZ0sfuyhpj8oGNXcaKnDpnVpYS6lTHps7VY9,30,08/19/20
528,08/19/20 07:05:32,https://us02web.zoom.us/meeting/register/tZ0vcuGrpj0qE9fAfhut9QIJXTTbCrE_ubvr,29,08/19/20
529,08/19/20 07:05:32,https://us02web.zoom.us/meeting/register/tZUrduChrDgpHNFptu4DUk7YKGqbP34kGSHP,22,08/19/20
530,08/19/20 07:05:32,https://us02web.zoom.us/meeting/register/tZcqduytqz0pEtUAkZhb9Q3bWMGSEIb23Nnv,19,08/19/20
531,08/19/20 07:05:32,https://us02web.zoom.us/meeting/register/tZcrceCrqT0oEtdrp-JVpTFm3Q6OlB_PkkS0,14,08/19/20
532,08/19/20 07:05:32,https://us02web.zoom.us/meeting/register/tZcuduyhpj8oH9SNT5cSJInMHGfB4Im_qC9E,18,08/19/20
533,08/19/20 07:05:32,https://www.eventbrite.com/e/activate-good-wcpss-call-for-volunteers-operation-access-5-locations-tickets-115895078299,52,08/19/20
534,08/19/20 07:05:32,https://www.facebook.com/activategood/,12,08/19/20
535,08/19/20 07:05:32,https://www.hzo.com/,11,08/19/20
536,08/19/20 07:05:32,https://www.instagram.com/activategood/,14,08/19/20
537,08/19/20 07:05:32,https://www.wellsfargo.com/,9,08/19/20
538,08/19/20 07:05:32,https://www.wral.com/,12,08/19/20
539,08/26/20 07:05:49,http://www.activategood.org/operationaccesspart2,24,08/26/20
540,08/26/20 07:05:49,https://activategood.org/,14,08/26/20
541,08/26/20 07:05:49,https://activategood.org/donate,15,08/26/20
542,08/26/20 07:05:49,https://activategood.org/opportunity,24,08/26/20
543,08/26/20 07:05:49,https://activategood.org/opportunity/5163,30,08/26/20
544,08/26/20 07:05:49,https://activategood.org/opportunity/5233,27,08/26/20
545,08/26/20 07:05:49,https://activategood.org/opportunity/5264,38,08/26/20
546,08/26/20 07:05:49,https://activategood.org/united,16,08/26/20
547,08/26/20 07:05:49,https://activategood.org/united/,11,08/26/20
548,08/26/20 07:05:49,https://activategood.org/unitedwehelp2020,17,08/26/20
549,08/26/20 07:05:49,https://attendedevents.com/about,16,08/26/20
550,08/26/20 07:05:49,https://new.mortgageinsurance.genworth.com/,17,08/26/20
551,08/26/20 07:05:49,https://twitter.com/activategood,9,08/26/20
552,08/26/20 07:05:49,https://us02web.zoom.us/meeting/register/tZ0sfuyhpj8oGNXcaKnDpnVpYS6lTHps7VY9,34,08/26/20
553,08/26/20 07:05:49,https://us02web.zoom.us/meeting/register/tZ0vcuGrpj0qE9fAfhut9QIJXTTbCrE_ubvr,22,08/26/20
554,08/26/20 07:05:49,https://us02web.zoom.us/meeting/register/tZAufuGtrD4pG9XA8D-c-l3bCUqIPFQGvwqn,36,08/26/20
555,08/26/20 07:05:49,https://us02web.zoom.us/meeting/register/tZUrduChrDgpHNFptu4DUk7YKGqbP34kGSHP,22,08/26/20
556,08/26/20 07:05:49,https://us02web.zoom.us/meeting/register/tZcqduytqz0pEtUAkZhb9Q3bWMGSEIb23Nnv,19,08/26/20
557,08/26/20 07:05:49,https://us02web.zoom.us/meeting/register/tZcrceCrqT0oEtdrp-JVpTFm3Q6OlB_PkkS0,26,08/26/20
558,08/26/20 07:05:49,https://us02web.zoom.us/meeting/register/tZcuduyhpj8oH9SNT5cSJInMHGfB4Im_qC9E,9,08/26/20
559,08/26/20 07:05:49,https://www.eventbrite.com/e/activate-good-wcpss-call-for-volunteers-operation-access-5-locations-tickets-115895078299,70,08/26/20
560,08/26/20 07:05:49,https://www.facebook.com/activategood/,19,08/26/20
561,08/26/20 07:05:49,https://www.hzo.com/,17,08/26/20
562,08/26/20 07:05:49,https://www.instagram.com/activategood/,14,08/26/20
563,08/26/20 07:05:49,https://www.wellsfargo.com/,14,08/26/20
564,08/26/20 07:05:49,https://www.wral.com/,13,08/26/20
565,09/02/20 08:10:54,http://www.activategood.org/giving,22,09/02/20
566,09/02/20 08:10:54,http://www.activategood.org/united,22,09/02/20
567,09/02/20 08:10:54,https://activategood.org/,19,09/02/20
568,09/02/20 08:10:54,https://activategood.org/donate,25,09/02/20
569,09/02/20 08:10:54,https://activategood.org/opportunity/5207,33,09/02/20
570,09/02/20 08:10:54,https://activategood.org/opportunity/5208,12,09/02/20
571,09/02/20 08:10:54,https://activategood.org/opportunity/5212,24,09/02/20
572,09/02/20 08:10:54,https://activategood.org/opportunity/5215,22,09/02/20
573,09/02/20 08:10:54,https://activategood.org/opportunity/5248,19,09/02/20
574,09/02/20 08:10:54,https://activategood.org/united,22,09/02/20
575,09/02/20 08:10:54,https://activategood.org/united/,22,09/02/20
576,09/02/20 08:10:54,https://activategood.org/unitedwehelp2020,16,09/02/20
577,09/02/20 08:10:54,https://attendedevents.com/about,13,09/02/20
578,09/02/20 08:10:54,https://docs.google.com/forms/d/e/1FAIpQLSfalrBb7EWQYYGtReFZhGSEjrFB3P0e_wvd_gG1fmK-mgzmxA/viewform,17,09/02/20
579,09/02/20 08:10:54,https://new.mortgageinsurance.genworth.com/,10,09/02/20
580,09/02/20 08:10:54,https://twitter.com/activategood,11,09/02/20
581,09/02/20 08:10:54,https://us02web.zoom.us/meeting/register/tZ0vcuGrpj0qE9fAfhut9QIJXTTbCrE_ubvr,22,09/02/20
582,09/02/20 08:10:54,https://us02web.zoom.us/meeting/register/tZUrduChrDgpHNFptu4DUk7YKGqbP34kGSHP,26,09/02/20
583,09/02/20 08:10:54,https://us02web.zoom.us/meeting/register/tZcqduytqz0pEtUAkZhb9Q3bWMGSEIb23Nnv,17,09/02/20
584,09/02/20 08:10:54,https://us02web.zoom.us/meeting/register/tZcrceCrqT0oEtdrp-JVpTFm3Q6OlB_PkkS0,31,09/02/20
585,09/02/20 08:10:54,https://us02web.zoom.us/meeting/register/tZcuduyhpj8oH9SNT5cSJInMHGfB4Im_qC9E,27,09/02/20
586,09/02/20 08:10:54,https://www.facebook.com/activategood/,9,09/02/20
587,09/02/20 08:10:54,https://www.hzo.com/,8,09/02/20
588,09/02/20 08:10:54,https://www.instagram.com/activategood/,6,09/02/20
589,09/02/20 08:10:54,https://www.wellsfargo.com/,19,09/02/20
590,09/02/20 08:10:54,https://www.wral.com/,18,09/02/20
591,09/09/19 07:50:12,http://911eveningcommemoration2019.eventbrite.com,2,09/09/19
592,09/09/19 07:50:12,http://https%3A%2F%2Factivategood.org%2F,1,09/09/19
593,09/09/19 07:50:12,http://https%3A%2F%2Fwww.eventbrite.com%2Fe%2F911-day-of-service-2019-evening-commemoration-service-projects-tickets-62352283358,1,09/09/19
594,09/09/19 07:50:12,https://911eveningcommemoration2019.eventbrite.com,14,09/09/19
595,09/09/19 07:50:12,https://activategood.org/,9,09/09/19
596,09/09/19 07:50:12,https://activategood.org/911day2019,86,09/09/19
597,09/09/19 07:50:12,https://twitter.com/activategood,3,09/09/19
598,09/09/19 07:50:12,https://www.eventbrite.com/e/911-day-of-service-2019-evening-commemoration-service-projects-tickets-62352283358,7,09/09/19
599,09/09/19 07:50:12,https://www.eventbrite.com/e/911-day-of-service-2019-evening-commemoration-service-projects-tickets-62352283358?fbclid=IwAR0wRO5ByqQzTC-56Bpc1bvUozPVmayUvkPOwlcf3PNUKzon8HdV7nt3pL8,17,09/09/19
600,09/09/19 07:50:12,https://www.facebook.com/activategood/,1,09/09/19
601,09/09/19 07:50:12,https://www.instagram.com/activategood/,3,09/09/19
602,09/09/20 07:05:10,http://www.activategood.org/donate,19,09/09/20
603,09/09/20 07:05:10,http://www.activategood.org/giving,30,09/09/20
604,09/09/20 07:05:10,https://911day.org/,21,09/09/20
605,09/09/20 07:05:10,https://activategood.org/,30,09/09/20
606,09/09/20 07:05:10,https://activategood.org/giving/,40,09/09/20
607,09/09/20 07:05:10,https://activategood.org/opportunity,34,09/09/20
608,09/09/20 07:05:10,https://activategood.org/opportunity/5207,42,09/09/20
609,09/09/20 07:05:10,https://activategood.org/opportunity/5208,20,09/09/20
610,09/09/20 07:05:10,https://activategood.org/opportunity/5215,38,09/09/20
611,09/09/20 07:05:10,https://activategood.org/opportunity/5233,29,09/09/20
612,09/09/20 07:05:10,https://activategood.org/united/,34,09/09/20
613,09/09/20 07:05:10,https://activategood.org/unitedwehelp2020,41,09/09/20
614,09/09/20 07:05:10,https://l.facebook.com/l.php?u=http%3A%2F%2FWRAL.com%2F&h=AT0sMrV9amyQsFZBCjcwxm2ylTQnmUehRMAycAldAUBCO0ZslNrEy1hbDnXSuJuRTiuMCutDn1SnkbnNiIWpkGYIhaFIKZpWObrpHBEJA216DLRlrqfrFpRgU0_OZQeS-9zWBmkk8TrpbhoAN27a80ciensxllzHRaKPQf6Q3A,2,09/09/20
615,09/09/20 07:05:10,https://twitter.com/activategood,26,09/09/20
616,09/09/20 07:05:10,https://www.facebook.com/activategood/,21,09/09/20
617,09/09/20 07:05:10,https://www.facebook.com/events/665563287724379/,26,09/09/20
618,09/09/20 07:05:10,https://www.genworth.com/,26,09/09/20
619,09/09/20 07:05:10,https://www.instagram.com/activategood/,21,09/09/20
620,09/09/20 07:05:10,https://www.jasonadamo.com/,30,09/09/20
621,09/16/20 07:50:19,http://www.activategood.org/giving,34,09/16/20
622,09/16/20 07:50:19,https://activategood.org/,26,09/16/20
623,09/16/20 07:50:19,https://activategood.org/giving/,30,09/16/20
624,09/16/20 07:50:19,https://activategood.org/opportunity,28,09/16/20
625,09/16/20 07:50:19,https://activategood.org/opportunity/5053,30,09/16/20
626,09/16/20 07:50:19,https://activategood.org/opportunity/5215,26,09/16/20
627,09/16/20 07:50:19,https://activategood.org/opportunity/5247,42,09/16/20
628,09/16/20 07:50:19,https://activategood.org/united/,30,09/16/20
629,09/16/20 07:50:19,https://activategood.org/unitedwehelp2020,41,09/16/20
630,09/16/20 07:50:19,https://activategood.org/youth-giving-and-philanthropy/,26,09/16/20
631,09/16/20 07:50:19,https://twitter.com/activategood,30,09/16/20
632,09/16/20 07:50:19,https://us02web.zoom.us/meeting/register/tZUrduChrDgpHNFptu4DUk7YKGqbP34kGSHP,20,09/16/20
633,09/16/20 07:50:19,https://us02web.zoom.us/meeting/register/tZcqduytqz0pEtUAkZhb9Q3bWMGSEIb23Nnv,31,09/16/20
634,09/16/20 07:50:19,https://us02web.zoom.us/meeting/register/tZcrceCrqT0oEtdrp-JVpTFm3Q6OlB_PkkS0,30,09/16/20
635,09/16/20 07:50:19,https://www.facebook.com/activategood/,28,09/16/20
636,09/16/20 07:50:19,https://www.instagram.com/activategood/,23,09/16/20
637,09/16/20 07:50:19,https://www.youtube.com/watch?v=5keqQTWf09M&feature=youtu.be,35,09/16/20
638,09/23/20 07:05:42,http://www.activategood.org/united,13,09/23/20
639,09/23/20 07:05:42,http://www.wwcm.org/,39,09/23/20
640,09/23/20 07:05:42,https://activategood.org/,32,09/23/20
641,09/23/20 07:05:42,https://activategood.org/FAST,37,09/23/20
642,09/23/20 07:05:42,https://activategood.org/donate,21,09/23/20
643,09/23/20 07:05:42,https://activategood.org/fast,64,09/23/20
644,09/23/20 07:05:42,https://activategood.org/opportunity,29,09/23/20
645,09/23/20 07:05:42,https://activategood.org/opportunity/5169,40,09/23/20
646,09/23/20 07:05:42,https://activategood.org/opportunity/5233,22,09/23/20
647,09/23/20 07:05:42,https://activategood.org/remote-volunteer-project-diy-family-essentials-kits/,72,09/23/20
648,09/23/20 07:05:42,https://activategood.org/remote-volunteer-project-diy-shirt-toys-dogs/,25,09/23/20
649,09/23/20 07:05:42,https://activategood.org/unitedwehelp2020,52,09/23/20
650,09/23/20 07:05:42,https://activategood.org/wp-content/uploads/2020/04/Op-Sr-Smiles-flyer-Apr2020.pdf,31,09/23/20
651,09/23/20 07:05:42,https://attendedevents.com/,29,09/23/20
652,09/23/20 07:05:42,https://twitter.com/activategood,30,09/23/20
653,09/23/20 07:05:42,https://us02web.zoom.us/meeting/register/tZcqduytqz0pEtUAkZhb9Q3bWMGSEIb23Nnv,26,09/23/20
654,09/23/20 07:05:42,https://us02web.zoom.us/meeting/register/tZcrceCrqT0oEtdrp-JVpTFm3Q6OlB_PkkS0,36,09/23/20
655,09/23/20 07:05:42,https://www.facebook.com/activategood/,22,09/23/20
656,09/23/20 07:05:42,https://www.instagram.com/activategood/,25,09/23/20
657,09/23/20 07:05:42,https://www.youtube.com/watch?v=OLWmf0eacOM&t=1s&ab_channel=ActivateGood,24,09/23/20
658,09/23/20 07:05:42,https://youtu.be/OLWmf0eacOM,27,09/23/20
659,09/30/20 07:41:44,http://www.secondchancenc.org/,43,09/30/20
660,09/30/20 07:41:44,https://activategood.org/,43,09/30/20
661,09/30/20 07:41:44,https://activategood.org/fast,118,09/30/20
662,09/30/20 07:41:44,https://activategood.org/giving/,41,09/30/20
663,09/30/20 07:41:44,https://activategood.org/operationmaskup,96,09/30/20
664,09/30/20 07:41:44,https://activategood.org/operationmaskup/,38,09/30/20
665,09/30/20 07:41:44,https://activategood.org/opportunity,59,09/30/20
666,09/30/20 07:41:44,https://activategood.org/opportunity/5333,315,09/30/20
667,09/30/20 07:41:44,https://activategood.org/remote-volunteer-project-diy-family-essentials-kits/,116,09/30/20
668,09/30/20 07:41:44,https://activategood.org/remote-volunteer-project-diy-shirt-toys-dogs/,71,09/30/20
669,09/30/20 07:41:44,https://activategood.org/sponsor-2/,36,09/30/20
670,09/30/20 07:41:44,https://activategood.org/wp-content/uploads/2020/04/Op-Sr-Smiles-flyer-Apr2020.pdf,68,09/30/20
671,09/30/20 07:41:44,https://twitter.com/activategood,26,09/30/20
672,09/30/20 07:41:44,https://us02web.zoom.us/meeting/register/tZ0sduuhqTkuHtf5rv8Jy7B82A_ZJa_RZT6Q,36,09/30/20
673,09/30/20 07:41:44,https://www.facebook.com/activategood/,34,09/30/20
674,09/30/20 07:41:44,https://www.instagram.com/activategood/,20,09/30/20
675,10/07/20 07:12:19,https://activategood.org/,23,10/07/20
676,10/07/20 07:12:19,https://activategood.org/fast,37,10/07/20
677,10/07/20 07:12:19,https://activategood.org/giving/,28,10/07/20
678,10/07/20 07:12:19,https://activategood.org/operationmaskup,83,10/07/20
679,10/07/20 07:12:19,https://activategood.org/opportunity,61,10/07/20
680,10/07/20 07:12:19,https://activategood.org/opportunity/5316#tab-what,45,10/07/20
681,10/07/20 07:12:19,https://activategood.org/opportunity/5347#tab-what,53,10/07/20
682,10/07/20 07:12:19,https://activategood.org/opportunity/5348#tab-what,40,10/07/20
683,10/07/20 07:12:19,https://activategood.org/product/larrys-limited-edition-coffee-brew-good-blend/,35,10/07/20
684,10/07/20 07:12:19,https://activategood.org/product/signs-for-good-hoodies/,171,10/07/20
685,10/07/20 07:12:19,https://activategood.org/product/signs-for-good/,48,10/07/20
686,10/07/20 07:12:19,https://activategood.org/remote-volunteer-project-diy-family-essentials-kits/,81,10/07/20
687,10/07/20 07:12:19,https://activategood.org/sponsor-2/,22,10/07/20
688,10/07/20 07:12:19,https://twitter.com/activategood,25,10/07/20
689,10/07/20 07:12:19,https://us02web.zoom.us/meeting/register/tZ0sduuhqTkuHtf5rv8Jy7B82A_ZJa_RZT6Q,49,10/07/20
690,10/07/20 07:12:19,https://www.facebook.com/activategood/,26,10/07/20
691,10/07/20 07:12:19,https://www.instagram.com/activategood/,32,10/07/20
692,10/08/19 07:00:19,https://activategood.org/,12,10/08/19
693,10/08/19 07:00:19,https://activategood.org/donate,2,10/08/19
694,10/08/19 07:00:19,https://activategood.org/events,30,10/08/19
695,10/08/19 07:00:19,https://activategood.org/opportunity,53,10/08/19
696,10/08/19 07:00:19,https://activategood.org/opportunity/4753#tab-what,14,10/08/19
697,10/08/19 07:00:19,https://activategood.org/opportunity/4821#tab-what,25,10/08/19
698,10/08/19 07:00:19,https://activategood.org/opportunity/4836#tab-what,91,10/08/19
699,10/08/19 07:00:19,https://activategood.org/opportunity/4849#tab-what,33,10/08/19
700,10/08/19 07:00:19,https://activategood.org/opportunity/4853#tab-what,16,10/08/19
701,10/08/19 07:00:19,https://activategood.org/opportunity/4858#tab-what,57,10/08/19
702,10/08/19 07:00:19,https://activategood.org/opportunity/4862#tab-what,17,10/08/19
703,10/08/19 07:00:19,https://activategood.org/opportunity/4867#tab-what,20,10/08/19
704,10/08/19 07:00:19,https://activategood.org/opportunity/4869#tab-what,20,10/08/19
705,10/08/19 07:00:19,https://twitter.com/activategood,2,10/08/19
706,10/08/19 07:00:19,https://www.facebook.com/activategood/,1,10/08/19
707,10/08/19 07:00:19,https://www.instagram.com/activategood/,2,10/08/19
708,10/14/20 06:55:30,http://www.activategood.org/giving,19,10/14/20
709,10/14/20 06:55:30,http://www.ncdiaperbank.org/,33,10/14/20
710,10/14/20 06:55:30,https://activategood.org/,30,10/14/20
711,10/14/20 06:55:30,https://activategood.org/event/73,68,10/14/20
712,10/14/20 06:55:30,https://activategood.org/giving/,17,10/14/20
713,10/14/20 06:55:30,https://activategood.org/opportunity,81,10/14/20
714,10/14/20 06:55:30,https://activategood.org/opportunity/5313,62,10/14/20
715,10/14/20 06:55:30,https://activategood.org/opportunity/5315,75,10/14/20
716,10/14/20 06:55:30,https://activategood.org/product/larrys-limited-edition-coffee-brew-good-blend/,26,10/14/20
717,10/14/20 06:55:30,https://activategood.org/product/signs-for-good-hoodies/,39,10/14/20
718,10/14/20 06:55:30,https://activategood.org/product/signs-for-good/,39,10/14/20
719,10/14/20 06:55:30,https://activategood.org/shop/,37,10/14/20
720,10/14/20 06:55:30,https://docs.google.com/forms/d/e/1FAIpQLSfd5N7RV9Az0R5z95Djn_9DDzc8KZ66qwe73opYtGsNpiadJw/viewform?usp=sf_link,75,10/14/20
721,10/14/20 06:55:30,https://twitter.com/activategood,30,10/14/20
722,10/14/20 06:55:30,https://us02web.zoom.us/meeting/register/tZMtc-qqrjwiGdy4leDC-9470f-PIeJAoMDL,49,10/14/20
723,10/14/20 06:55:30,https://www.facebook.com/activategood/,26,10/14/20
724,10/14/20 06:55:30,https://www.instagram.com/activategood/,20,10/14/20
725,10/21/20 07:50:37,http://www.tarriver.org/,32,10/21/20
726,10/21/20 07:50:37,https://activategood.org/,30,10/21/20
727,10/21/20 07:50:37,https://activategood.org/donate,31,10/21/20
728,10/21/20 07:50:37,https://activategood.org/familyvolunteerday2020/,64,10/21/20
729,10/21/20 07:50:37,https://activategood.org/opportunity,54,10/21/20
730,10/21/20 07:50:37,https://activategood.org/opportunity/5331,59,10/21/20
731,10/21/20 07:50:37,https://activategood.org/opportunity/5368,60,10/21/20
732,10/21/20 07:50:37,https://activategood.org/opportunity/5370,48,10/21/20
733,10/21/20 07:50:37,https://docs.google.com/forms/d/e/1FAIpQLSfd5N7RV9Az0R5z95Djn_9DDzc8KZ66qwe73opYtGsNpiadJw/viewform,82,10/21/20
734,10/21/20 07:50:37,https://twitter.com/activategood,27,10/21/20
735,10/21/20 07:50:37,https://us02web.zoom.us/meeting/register/tZMtc-qqrjwiGdy4leDC-9470f-PIeJAoMDL,27,10/21/20
736,10/21/20 07:50:37,https://www.bizjournals.com/triangle/event/166237/2020/2020-corporate-philanthropy-awards,46,10/21/20
737,10/21/20 07:50:37,https://www.facebook.com/activategood/,36,10/21/20
738,10/21/20 07:50:37,https://www.instagram.com/activategood/,27,10/21/20
739,10/21/20 07:50:37,https://www.singlewomenwithchildren.org/,45,10/21/20
740,10/28/20 07:50:41,https://activategood.org/,30,10/28/20
741,10/28/20 07:50:41,https://activategood.org/donate,25,10/28/20
742,10/28/20 07:50:41,https://activategood.org/familyvolunteerday2020/,187,10/28/20
743,10/28/20 07:50:41,https://activategood.org/hunger-homelessness-week-2020/,43,10/28/20
744,10/28/20 07:50:41,https://activategood.org/opportunity,58,10/28/20
745,10/28/20 07:50:41,https://activategood.org/opportunity/5334,44,10/28/20
746,10/28/20 07:50:41,https://activategood.org/opportunity/5336,23,10/28/20
747,10/28/20 07:50:41,https://activategood.org/opportunity/5355,33,10/28/20
748,10/28/20 07:50:41,https://activategood.org/opportunity/5357,46,10/28/20
749,10/28/20 07:50:41,https://activategood.org/sponsor-2/,26,10/28/20
750,10/28/20 07:50:41,https://hhweek.org/,27,10/28/20
751,10/28/20 07:50:41,https://twitter.com/activategood,21,10/28/20
752,10/28/20 07:50:41,https://us02web.zoom.us/meeting/register/tZElc-usrzouHd1goUtPKYkEDgKaHQAXz45_,19,10/28/20
753,10/28/20 07:50:41,https://wral5.secondstreetapp.com/2020-WRAL-Voters-Choice-Awards/gallery/?group=357635,28,10/28/20
754,10/28/20 07:50:41,https://wral5.secondstreetapp.com/2020-WRAL-Voters-Choice-Awards/gallery?group=357635,53,10/28/20
755,10/28/20 07:50:41,https://www.facebook.com/activategood/,19,10/28/20
756,10/28/20 07:50:41,https://www.instagram.com/activategood/,28,10/28/20
757,10/28/20 07:50:41,https://www.raleighrescue.org/ways-to-give/volunteer/,26,10/28/20
758,10/28/20 07:50:41,https://www.thegivingblock.com/contact,27,10/28/20
759,11/01/19 09:30:18,https://activategood.org/,9,11/01/19
760,11/01/19 09:30:18,https://activategood.org/donate,1,11/01/19
761,11/01/19 09:30:18,https://activategood.org/fvd2019,66,11/01/19
762,11/01/19 09:30:18,https://activategood.org/opportunity,24,11/01/19
763,11/01/19 09:30:18,https://activategood.org/opportunity/432#tab-what,14,11/01/19
764,11/01/19 09:30:18,https://activategood.org/opportunity/4805#tab-what,9,11/01/19
765,11/01/19 09:30:18,https://activategood.org/opportunity/4845#tab-what,4,11/01/19
766,11/01/19 09:30:18,https://activategood.org/opportunity/4870#tab-what,13,11/01/19
767,11/01/19 09:30:18,https://activategood.org/opportunity/4890#tab-what,3,11/01/19
768,11/01/19 09:30:18,https://activategood.org/opportunity/4894#tab-what,69,11/01/19
769,11/01/19 09:30:18,https://activategood.org/opportunity/4896#tab-what,26,11/01/19
770,11/01/19 09:30:18,https://activategood.org/opportunity/4905#tab-what,5,11/01/19
771,11/01/19 09:30:18,https://activategood.org/opportunity/718#tab-what,21,11/01/19
772,11/01/19 09:30:18,https://twitter.com/activategood,2,11/01/19
773,11/01/19 09:30:18,https://www.facebook.com/activategood/,2,11/01/19
774,11/01/19 09:30:18,https://www.instagram.com/activategood/,1,11/01/19
775,11/04/20 08:22:27,http://chathamhabitat.org/,27,11/04/20
776,11/04/20 08:22:27,https://activategood.org/,33,11/04/20
777,11/04/20 08:22:27,https://activategood.org/Hunger&HomelessnessWeek,246,11/04/20
778,11/04/20 08:22:27,https://activategood.org/Hunger-homelessness-week-2020/,33,11/04/20
779,11/04/20 08:22:27,https://activategood.org/donate,22,11/04/20
780,11/04/20 08:22:27,https://activategood.org/familyvolunteerday2020/,52,11/04/20
781,11/04/20 08:22:27,https://activategood.org/hunger-and-homelessness-in-the-triangle/,26,11/04/20
782,11/04/20 08:22:27,https://activategood.org/opportunity,53,11/04/20
783,11/04/20 08:22:27,https://activategood.org/opportunity/3980,31,11/04/20
784,11/04/20 08:22:27,https://activategood.org/opportunity/5373,59,11/04/20
785,11/04/20 08:22:27,https://activategood.org/opportunity/5386,27,11/04/20
786,11/04/20 08:22:27,https://twitter.com/activategood,21,11/04/20
787,11/04/20 08:22:27,https://us02web.zoom.us/meeting/register/tZElc-usrzouHd1goUtPKYkEDgKaHQAXz45_,39,11/04/20
788,11/04/20 08:22:27,https://wral5.secondstreetapp.com/2020-WRAL-Voters-Choice-Awards/gallery/?group=357635,41,11/04/20
789,11/04/20 08:22:27,https://www.eventbrite.com/e/family-volunteer-day-2020-the-take-home-service-project-kit-edition-tickets-126454894995,95,11/04/20
790,11/04/20 08:22:27,https://www.facebook.com/activategood/,21,11/04/20
791,11/04/20 08:22:27,https://www.instagram.com/activategood/,27,11/04/20
792,11/04/20 08:22:27,https://www.lenovo.com/us/en/,28,11/04/20
793,11/11/20 06:51:31,https://activategood.org/,17,11/11/20
794,11/11/20 06:51:31,https://activategood.org/donate,18,11/11/20
795,11/11/20 06:51:31,https://activategood.org/familyvolunteerday2020/,46,11/11/20
796,11/11/20 06:51:31,https://activategood.org/fast,25,11/11/20
797,11/11/20 06:51:31,https://activategood.org/hunger&homelessnessweek,32,11/11/20
798,11/11/20 06:51:31,https://activategood.org/hunger-homelessness-week-2020/,30,11/11/20
799,11/11/20 06:51:31,https://activategood.org/opportunity,39,11/11/20
800,11/11/20 06:51:31,https://activategood.org/opportunity/5173,29,11/11/20
801,11/11/20 06:51:31,https://activategood.org/opportunity/5334#tab-what,38,11/11/20
802,11/11/20 06:51:31,https://activategood.org/opportunity/5336,16,11/11/20
803,11/11/20 06:51:31,https://activategood.org/opportunity/5355,37,11/11/20
804,11/11/20 06:51:31,https://activategood.org/opportunity/5356,49,11/11/20
805,11/11/20 06:51:31,https://activategood.org/opportunity/5374,26,11/11/20
806,11/11/20 06:51:31,https://activategood.org/opportunity/5395,41,11/11/20
807,11/11/20 06:51:31,https://activategood.org/sponsor-2/,21,11/11/20
808,11/11/20 06:51:31,https://twitter.com/activategood,29,11/11/20
809,11/11/20 06:51:31,https://us02web.zoom.us/meeting/register/tZMpcOCvqz8uGtD8WSjMdclJ4Yft0uMskH-p,27,11/11/20
810,11/11/20 06:51:31,https://wral5.secondstreetapp.com/2020-WRAL-Voters-Choice-Awards/gallery/?group=357635,19,11/11/20
811,11/11/20 06:51:31,https://wral5.secondstreetapp.com/2020-WRAL-Voters-Choice-Awards/gallery?group=357635,29,11/11/20
812,11/11/20 06:51:31,https://www.austindowd.com/,33,11/11/20
813,11/11/20 06:51:31,https://www.austindowd.com/proofing/example-proofing-gallery,91,11/11/20
814,11/11/20 06:51:31,https://www.eventbrite.com/e/headshots-for-good-photo-sessions-benefitting-activate-good-tickets-127366072351,89,11/11/20
815,11/11/20 06:51:31,https://www.facebook.com/activategood/,20,11/11/20
816,11/11/20 06:51:31,https://www.instagram.com/activategood/,20,11/11/20
817,11/11/20 06:51:31,https://www.lenovo.com/us/en/,15,11/11/20
818,11/18/20 12:47:35,http://www.tarriver.org/,30,11/18/20
819,11/18/20 12:47:35,https://activategood.org/,26,11/18/20
820,11/18/20 12:47:35,https://activategood.org/Hunger&HomelessnessWeek,65,11/18/20
821,11/18/20 12:47:35,https://activategood.org/Hunger-homelessness-week-2020/,19,11/18/20
822,11/18/20 12:47:35,https://activategood.org/activatemoregood/,31,11/18/20
823,11/18/20 12:47:35,https://activategood.org/holidays2020,46,11/18/20
824,11/18/20 12:47:35,https://activategood.org/opportunity,36,11/18/20
825,11/18/20 12:47:35,https://activategood.org/opportunity/5331,41,11/18/20
826,11/18/20 12:47:35,https://activategood.org/opportunity/5374,44,11/18/20
827,11/18/20 12:47:35,https://activategood.org/opportunity/5397,63,11/18/20
828,11/18/20 12:47:35,https://activategood.org/opportunity/5400,42,11/18/20
829,11/18/20 12:47:35,https://activategoodvoices.gv-one.com/?gId=1817&rId=5177,31,11/18/20
830,11/18/20 12:47:35,https://activategoodvoices.gv-one.com/?gId=1817&rId=5179,29,11/18/20
831,11/18/20 12:47:35,https://activategoodvoices.gv-one.com/requests.html?gId=1817&rId=5177,40,11/18/20
832,11/18/20 12:47:35,https://hhweek.org/,30,11/18/20
833,11/18/20 12:47:35,https://twitter.com/activategood,25,11/18/20
834,11/18/20 12:47:35,https://us02web.zoom.us/meeting/register/tZElc-usrzouHd1goUtPKYkEDgKaHQAXz45_,19,11/18/20
835,11/18/20 12:47:35,https://us02web.zoom.us/meeting/register/tZMpcOCvqz8uGtD8WSjMdclJ4Yft0uMskH-p,14,11/18/20
836,11/18/20 12:47:35,https://wral5.secondstreetapp.com/2020-WRAL-Voters-Choice-Awards/gallery/?group=357635,34,11/18/20
837,11/18/20 12:47:35,https://www.facebook.com/activategood/,21,11/18/20
838,11/18/20 12:47:35,https://www.instagram.com/activategood/,28,11/18/20
839,11/24/20 08:40:16,http://wwww.wakearmy.org/,27,11/24/20
840,11/24/20 08:40:16,https://activategood.org/,24,11/24/20
841,11/24/20 08:40:16,https://activategood.org/activatemoregood/,38,11/24/20
842,11/24/20 08:40:16,https://activategood.org/holidays2020,39,11/24/20
843,11/24/20 08:40:16,https://activategood.org/opportunity,49,11/24/20
844,11/24/20 08:40:16,https://activategood.org/opportunity/5398,57,11/24/20
845,11/24/20 08:40:16,https://activategood.org/opportunity/5407,69,11/24/20
846,11/24/20 08:40:16,https://activategood.org/opportunity/5411,37,11/24/20
847,11/24/20 08:40:16,https://activategood.org/prideforparents2020/,44,11/24/20
848,11/24/20 08:40:16,https://rockytopcatering.com/,37,11/24/20
849,11/24/20 08:40:16,https://twitter.com/activategood,32,11/24/20
850,11/24/20 08:40:16,https://us02web.zoom.us/meeting/register/tZwkc-GurzkuE9A5uqvM-zDsD6LXtVC78W9Z,57,11/24/20
851,11/24/20 08:40:16,https://www.facebook.com/activategood/,28,11/24/20
852,11/24/20 08:40:16,https://www.instagram.com/activategood/,22,11/24/20
853,11/24/20 08:40:16,https://www.overflowinghands.org/,35,11/24/20
854,11/24/20 08:40:16,https://www.ymcatriangle.org/northwest-cary-ymca,24,11/24/20
855,11/24/20 08:40:16,https://www.youtube.com/watch?v=JhSzcURo2bM,48,11/24/20
856,12/02/20 09:03:18,http://www.activategood.org/activatemoregood,29,12/02/20
857,12/02/20 09:03:18,https://activategood.org/,35,12/02/20
858,12/02/20 09:03:18,https://activategood.org/activatemoregood/,30,12/02/20
859,12/02/20 09:03:18,https://activategood.org/holidays2020,61,12/02/20
860,12/02/20 09:03:18,https://activategood.org/opportunity,148,12/02/20
861,12/02/20 09:03:18,https://activategood.org/opportunity/5352,136,12/02/20
862,12/02/20 09:03:18,https://activategood.org/opportunity/5398,156,12/02/20
863,12/02/20 09:03:18,https://activategood.org/opportunity/5416,109,12/02/20
864,12/02/20 09:03:18,https://activategood.org/prideforparents2020/,82,12/02/20
865,12/02/20 09:03:18,https://activategood.org/sponsor-2/,33,12/02/20
866,12/02/20 09:03:18,https://rockytopcatering.com/,31,12/02/20
867,12/02/20 09:03:18,https://twitter.com/activategood,33,12/02/20
868,12/02/20 09:03:18,https://us02web.zoom.us/meeting/register/tZwkc-GurzkuE9A5uqvM-zDsD6LXtVC78W9Z,81,12/02/20
869,12/02/20 09:03:18,https://www.facebook.com/activategood/,25,12/02/20
870,12/02/20 09:03:18,https://www.instagram.com/activategood/,30,12/02/20
871,12/02/20 09:03:18,https://www.overflowinghands.org/,53,12/02/20
872,12/03/19 08:53:03,http://www.activategood.org/singlegift,21,12/03/19
873,12/03/19 08:53:03,https://activategood.org/,24,12/03/19
874,12/03/19 08:53:03,https://activategood.org/daysofservice/,22,12/03/19
875,12/03/19 08:53:03,https://activategood.org/donate,19,12/03/19
876,12/03/19 08:53:03,https://activategood.org/holidays2019,78,12/03/19
877,12/03/19 08:53:03,https://activategood.org/nonprofit,20,12/03/19
878,12/03/19 08:53:03,https://activategood.org/opportunity,25,12/03/19
879,12/03/19 08:53:03,https://activategood.org/opportunity/432#tab-what,23,12/03/19
880,12/03/19 08:53:03,https://activategood.org/opportunity/4817#tab-what,17,12/03/19
881,12/03/19 08:53:03,https://activategood.org/opportunity/4845#tab-what,25,12/03/19
882,12/03/19 08:53:03,https://activategood.org/opportunity/4915,20,12/03/19
883,12/03/19 08:53:03,https://activategood.org/opportunity/4917#tab-what,30,12/03/19
884,12/03/19 08:53:03,https://activategood.org/opportunity/4932#tab-details,22,12/03/19
885,12/03/19 08:53:03,https://activategood.org/opportunity/4944#tab-what,21,12/03/19
886,12/03/19 08:53:03,https://activategood.org/opportunity/4945#tab-what,24,12/03/19
887,12/03/19 08:53:03,https://activategood.org/opportunity/4946#tab-what,23,12/03/19
888,12/03/19 08:53:03,https://activategood.org/teenschangetheworld/,14,12/03/19
889,12/03/19 08:53:03,https://activategood.org/thegoodhub/,19,12/03/19
890,12/03/19 08:53:03,https://secure.lglforms.com/form_engine/s/Rkoj-1l4WVRIiWjqKEHuxA,20,12/03/19
891,12/03/19 08:53:03,https://twitter.com/activategood,21,12/03/19
892,12/03/19 08:53:03,https://www.facebook.com/activategood/,18,12/03/19
893,12/03/19 08:53:03,https://www.instagram.com/activategood/,20,12/03/19
894,12/09/20 08:40:43,http://wwww.wakearmy.org/,22,12/09/20
895,12/09/20 08:40:43,https://activategood.org/,18,12/09/20
896,12/09/20 08:40:43,https://activategood.org/activatemoregood,24,12/09/20
897,12/09/20 08:40:43,https://activategood.org/activatemoregood/,31,12/09/20
898,12/09/20 08:40:43,https://activategood.org/holidays2020,51,12/09/20
899,12/09/20 08:40:43,https://activategood.org/impacts/,15,12/09/20
900,12/09/20 08:40:43,https://activategood.org/operationmaskup/,70,12/09/20
901,12/09/20 08:40:43,https://activategood.org/opportunity,75,12/09/20
902,12/09/20 08:40:43,https://activategood.org/opportunity/5407,49,12/09/20
903,12/09/20 08:40:43,https://activategood.org/opportunity/5411,45,12/09/20
904,12/09/20 08:40:43,https://activategood.org/wp-content/uploads/2020/12/MAKING-A-GIFT-OF-STOCK-TO-Activate-Good.docx,18,12/09/20
905,12/09/20 08:40:43,"https://linkprotect.cudasvc.com/url?a=https%3a%2f%2fismyrotaryclub.com%2fClick%2f%3f_uid%3d7710330%26_ctid%3d1741452%26redirect%3dhttps%3a%2f%2fwww.signupgenius.com%2fgo%2f10C0E48A9AE2DA4F49-christmas&c=E,1,r4fYDettRWx5TIExGIkStvkFSsbchrMgkJ1IqaDb4EJoBTFo",20,12/09/20
906,12/09/20 08:40:43,https://ncsu.zoom.us/meeting/register/tJAudu2hpzIqHdNo9QQbCXbgq5JFkHqWArCh,32,12/09/20
907,12/09/20 08:40:43,https://twitter.com/activategood,20,12/09/20
908,12/09/20 08:40:43,https://www.facebook.com/activategood/,17,12/09/20
909,12/09/20 08:40:43,https://www.gathervoices.co/,17,12/09/20
910,12/09/20 08:40:43,https://www.instagram.com/activategood/,16,12/09/20
911,12/09/20 08:40:43,https://www.papamurphys.com/,20,12/09/20
912,12/09/20 08:40:43,https://youtu.be/Rv9vdG1XFoQ,32,12/09/20
913,12/09/20 08:40:43,https://youtu.be/_gDFl4vabqs,27,12/09/20
914,12/16/20 07:50:15,http://www.marbleskidsmuseum.org/,16,12/16/20
915,12/16/20 07:50:15,http://wwww.wakearmy.org/,23,12/16/20
916,12/16/20 07:50:15,https://activategood.org/,16,12/16/20
917,12/16/20 07:50:15,https://activategood.org/activatemoregood/,18,12/16/20
918,12/16/20 07:50:15,https://activategood.org/opportunity,94,12/16/20
919,12/16/20 07:50:15,https://activategood.org/opportunity/5407,74,12/16/20
920,12/16/20 07:50:15,https://activategood.org/opportunity/5416,53,12/16/20
921,12/16/20 07:50:15,https://activategood.org/opportunity/5430,75,12/16/20
922,12/16/20 07:50:15,https://activategood.org/sponsor-2/,17,12/16/20
923,12/16/20 07:50:15,https://ncsu.zoom.us/meeting/register/tJAudu2hpzIqHdNo9QQbCXbgq5JFkHqWArCh,16,12/16/20
924,12/16/20 07:50:15,https://secure.lglforms.com/form_engine/s/C2gvxcRzNFeZDSat3WlAWg,15,12/16/20
925,12/16/20 07:50:15,https://secure.lglforms.com/form_engine/s/M-VEDOANBwd-_X8_xLmpMg,24,12/16/20
926,12/16/20 07:50:15,https://twitter.com/activategood,16,12/16/20
927,12/16/20 07:50:15,https://www.austindowd.com/,21,12/16/20
928,12/16/20 07:50:15,https://www.austindowd.com/proofing/example-proofing-gallery,20,12/16/20
929,12/16/20 07:50:15,https://www.eventbrite.com/e/headshots-for-good-photo-sessions-benefitting-activate-good-tickets-127366072351,27,12/16/20
930,12/16/20 07:50:15,https://www.facebook.com/activategood/,23,12/16/20
931,12/16/20 07:50:15,https://www.gathervoices.co/,10,12/16/20
932,12/16/20 07:50:15,https://www.instagram.com/activategood/,22,12/16/20
933,12/16/20 07:50:15,https://www.youtube.com/watch?v=_gDFl4vabqs&feature=youtu.be,23,12/16/20
934,12/21/20 20:40:38,https://activategood.org/,22,12/21/20
935,12/21/20 20:40:38,https://activategood.org/activatemoregood,23,12/21/20
936,12/21/20 20:40:38,https://activategood.org/activatemoregood/,27,12/21/20
937,12/21/20 20:40:38,https://activategood.org/operation-bare-necessities/,30,12/21/20
938,12/21/20 20:40:38,https://activategood.org/opportunity,50,12/21/20
939,12/21/20 20:40:38,https://activategood.org/opportunity/5333,88,12/21/20
940,12/21/20 20:40:38,https://activategood.org/opportunity/5440,40,12/21/20
941,12/21/20 20:40:38,https://ncsu.zoom.us/meeting/register/tJAudu2hpzIqHdNo9QQbCXbgq5JFkHqWArCh,21,12/21/20
942,12/21/20 20:40:38,https://secure.lglforms.com/form_engine/s/C2gvxcRzNFeZDSat3WlAWg,21,12/21/20
943,12/21/20 20:40:38,https://secure.lglforms.com/form_engine/s/M-VEDOANBwd-_X8_xLmpMg,14,12/21/20
944,12/21/20 20:40:38,https://twitter.com/activategood,21,12/21/20
945,12/21/20 20:40:38,https://www.facebook.com/activategood/,17,12/21/20
946,12/21/20 20:40:38,https://www.gathervoices.co/,19,12/21/20
947,12/21/20 20:40:38,https://www.instagram.com/activategood/,25,12/21/20
948,12/21/20 20:40:38,https://youtu.be/JIVrIRHKpF4,46,12/21/20
949,12/21/20 20:40:38,https://youtu.be/sUOonhxXw6c,25,12/21/20
950,12/29/20 07:30:43,https://activategood.org/,18,12/29/20
951,12/29/20 07:30:43,https://activategood.org/activatemoregood,20,12/29/20
952,12/29/20 07:30:43,https://activategood.org/activatemoregood/,13,12/29/20
953,12/29/20 07:30:43,https://activategood.org/nonprofit/658,22,12/29/20
954,12/29/20 07:30:43,https://activategood.org/opportunity,61,12/29/20
955,12/29/20 07:30:43,https://activategood.org/opportunity/5406,42,12/29/20
956,12/29/20 07:30:43,https://activategood.org/opportunity/5422,55,12/29/20
957,12/29/20 07:30:43,https://activategood.org/opportunity/5446,86,12/29/20
958,12/29/20 07:30:43,https://activategood.org/past-impact-campaigns,18,12/29/20
959,12/29/20 07:30:43,https://activategood.org/volunteer-expos/,14,12/29/20
960,12/29/20 07:30:43,https://ncsu.zoom.us/meeting/register/tJAudu2hpzIqHdNo9QQbCXbgq5JFkHqWArCh,22,12/29/20
961,12/29/20 07:30:43,https://secure.lglforms.com/form_engine/s/C2gvxcRzNFeZDSat3WlAWg,13,12/29/20
962,12/29/20 07:30:43,https://secure.lglforms.com/form_engine/s/M-VEDOANBwd-_X8_xLmpMg,19,12/29/20
963,12/29/20 07:30:43,https://twitter.com/activategood,15,12/29/20
964,12/29/20 07:30:43,https://us02web.zoom.us/meeting/register/tZIqd-qhqzsrG9B0To33AT4_MehowoyWFCky,34,12/29/20
965,12/29/20 07:30:43,https://www.eventbrite.com/e/headshots-for-good-photo-sessions-benefitting-activate-good-tickets-127366072351,31,12/29/20
966,12/29/20 07:30:43,https://www.facebook.com/activategood/,22,12/29/20
967,12/29/20 07:30:43,https://www.gathervoices.co/,20,12/29/20
968,12/29/20 07:30:43,https://www.instagram.com/activategood/,21,12/29/20
969,12/29/20 07:30:43,https://youtu.be/ZC-xixYVf-k,30,12/29/20
